client_id,age,tenure_months,annual_income,account_balance,credit_score,credit_utilization,num_products,monthly_app_logins,premium_upsell
CL20000,75,131,26500.19,8175.18,639,0.361,2,25,yes
CL20001,52,217,31388.08,160204.13,745,0.437,3,22,yes
CL20002,75,28,41575.19,8418.54,653,0.546,6,23,yes
CL20003,64,177,36134.15,7178.75,615,0.438,2,16,no
CL20004,64,105,23024.65,6089.05,678,0.584,4,21,yes
CL20005,59,55,22962.69,3240.3,538,0.668,3,19,no
CL20006,39,61,15000.0,21780.75,681,0.442,2,19,yes
CL20007,56,166,15000.0,4495.43,521,0.247,5,19,yes
CL20008,40,184,35979.27,5150.55,568,0.528,3,19,yes
CL20009,58,169,108456.42,5329.55,478,0.724,2,17,no
CL20010,34,204,85695.09,3188.53,644,0.277,4,10,no
CL20011,68,251,24582.64,1321.15,805,0.458,5,13,yes
CL20012,53,93,40841.6,5811.65,649,0.712,6,24,yes
CL20013,62,467,19750.6,27020.08,718,0.366,4,16,yes
CL20014,31,168,21153.29,12413.34,850,0.548,4,16,no
CL20015,67,226,22273.15,59555.36,696,0.344,5,15,yes
CL20016,68,24,34493.48,23472.85,591,0.248,2,13,no
CL20017,27,120,35168.05,18079.96,604,0.299,2,24,yes
CL20018,40,276,42775.29,86253.54,660,0.505,3,23,yes
CL20019,60,222,51454.2,8850.97,603,0.451,4,20,yes
CL20020,73,78,32807.21,10641.72,610,0.551,4,21,yes
CL20021,64,52,38804.48,9767.5,749,0.268,1,16,no
CL20022,47,140,23336.74,58416.56,752,0.59,5,21,yes
CL20023,36,111,20847.23,9925.8,512,0.268,3,27,yes
CL20024,75,101,19447.28,4696.07,586,0.541,6,15,yes
CL20025,73,196,51131.78,19454.37,618,0.501,5,19,yes
CL20026,74,23,32792.05,3871.13,714,0.165,6,22,yes
CL20027,37,157,16448.6,18278.71,763,0.583,4,17,yes
CL20028,45,336,37108.82,15929.33,850,0.391,4,18,yes
CL20029,33,192,21764.39,7960.02,618,0.792,2,25,no
CL20030,78,5,80593.27,18971.31,623,0.338,3,19,no
CL20031,72,326,29422.95,1788.34,713,0.727,6,19,yes
CL20032,28,132,51879.43,11937.1,599,0.265,3,21,yes
CL20033,33,192,62319.73,5812.81,647,0.133,1,21,yes
CL20034,52,188,24841.78,266093.52,623,0.643,2,20,no
CL20035,44,236,39506.53,11839.53,424,0.118,4,14,yes
CL20036,46,103,48974.77,4984.8,671,0.193,4,23,yes
CL20037,41,191,40215.02,2028.3,644,0.686,6,10,no
CL20038,60,450,44913.57,44409.87,774,0.383,6,15,yes
CL20039,74,294,20987.17,6617.43,660,0.478,4,19,yes
CL20040,75,207,48987.3,3983.62,547,0.604,4,19,yes
CL20041,46,60,30675.7,14570.35,637,0.588,5,22,yes
CL20042,70,435,44678.74,20893.15,472,0.357,1,15,no
CL20043,61,79,57756.72,20517.75,551,0.09,4,13,yes
CL20044,30,156,51583.85,10124.49,717,0.24,3,10,no
CL20045,68,146,44664.04,11885.43,638,0.284,5,20,yes
CL20046,40,134,50968.23,12924.02,743,0.681,5,21,yes
CL20047,57,83,52040.89,14571.98,483,0.719,4,19,no
CL20048,63,181,74830.1,16132.93,638,0.158,4,16,no
CL20049,77,326,37596.91,34843.46,617,0.363,5,14,yes
CL20050,77,200,41100.71,10560.51,746,0.792,4,11,no
CL20051,68,12,58071.49,3868.71,721,0.388,2,17,no
CL20052,49,127,30617.46,8383.87,718,0.557,2,16,no
CL20053,43,77,20933.99,23549.22,799,0.547,5,22,yes
CL20054,45,193,47665.04,1268.38,627,0.527,4,21,yes
CL20055,77,434,34797.1,1276.83,780,0.347,2,12,no
CL20056,30,156,22172.6,28453.25,566,0.177,6,21,yes
CL20057,51,408,47822.13,56848.28,563,0.502,6,24,yes
CL20058,60,55,72693.69,2310.04,728,0.586,4,23,yes
CL20059,19,24,18335.89,11109.19,525,0.136,2,24,yes
CL20060,57,22,60478.68,6251.16,712,0.822,6,19,yes
CL20061,34,204,15000.0,7332.31,669,0.042,2,25,yes
CL20062,35,216,31884.36,14063.82,756,0.064,3,19,yes
CL20063,57,372,87398.39,2237.69,655,0.176,6,16,yes
CL20064,18,12,32933.78,2770.27,665,0.311,4,16,yes
CL20065,27,18,39754.26,6999.27,706,0.424,2,19,yes
CL20066,46,218,53814.05,8373.42,600,0.385,1,14,no
CL20067,54,205,17634.05,2711.21,596,0.431,3,24,yes
CL20068,24,84,39436.33,24540.86,703,0.294,5,12,yes
CL20069,40,48,39296.7,6122.98,657,0.755,5,23,yes
CL20070,37,240,88260.19,6093.08,623,0.305,2,15,no
CL20071,51,193,21892.88,13698.72,653,0.367,1,24,no
CL20072,36,228,32154.49,8533.51,804,0.188,5,11,yes
CL20073,18,12,25140.61,25928.51,620,0.396,1,21,no
CL20074,51,110,23968.95,3383.16,618,0.671,1,17,no
CL20075,71,362,63407.11,1984.27,506,0.766,3,23,no
CL20076,54,62,38638.06,6930.9,656,0.553,4,19,yes
CL20077,40,276,29732.46,10607.02,719,0.453,2,20,no
CL20078,48,231,30241.47,2375.9,735,0.353,2,14,no
CL20079,26,108,29630.15,2006.37,670,0.559,2,10,no
CL20080,32,180,30846.81,12205.51,746,0.297,3,24,yes
CL20081,45,292,21611.9,4140.42,726,0.531,1,16,no
CL20082,55,185,33981.51,1862.38,760,0.433,1,15,no
CL20083,48,363,32479.26,30035.72,749,0.482,3,24,yes
CL20084,78,229,27146.18,4785.93,801,0.684,1,24,no
CL20085,58,317,40936.23,37133.82,645,0.168,2,28,yes
CL20086,19,24,42529.37,10226.54,541,0.47,4,16,yes
CL20087,51,223,29718.02,13890.67,720,0.399,1,20,no
CL20088,54,57,35779.83,7760.29,730,0.522,4,24,yes
CL20089,20,36,100849.11,500.0,801,0.512,4,10,no
CL20090,42,300,99130.75,2677.65,775,0.482,4,30,yes
CL20091,72,250,23757.64,8564.95,835,0.655,4,16,yes
CL20092,40,276,25298.45,15054.59,716,0.754,5,21,no
CL20093,46,125,23700.91,1263.8,681,0.374,1,19,no
CL20094,31,168,61431.27,9305.47,535,0.276,2,18,no
CL20095,22,60,31909.59,2722.75,688,0.112,2,9,no
CL20096,38,105,42525.25,12962.47,610,0.796,5,25,no
CL20097,66,71,93773.29,9678.76,679,0.213,6,26,yes
CL20098,79,190,37998.08,23272.48,665,0.358,6,17,yes
CL20099,59,272,52460.3,33753.74,702,0.403,4,19,yes
CL20100,70,135,48251.84,16778.24,651,0.261,3,21,no
CL20101,58,118,29298.81,26620.92,744,0.379,3,24,yes
CL20102,59,130,61489.57,6615.07,415,0.754,1,18,no
CL20103,44,141,26046.39,254380.14,677,0.035,3,19,yes
CL20104,21,48,69769.06,2436.6,768,0.282,4,23,yes
CL20105,43,240,29308.92,5394.21,828,0.285,2,22,no
CL20106,72,226,30789.05,27905.03,726,0.524,5,17,yes
CL20107,51,79,23392.73,23520.54,812,0.176,5,20,yes
CL20108,66,262,25187.0,17335.25,675,0.294,2,12,no
CL20109,21,48,31506.72,21517.38,660,0.274,6,20,yes
CL20110,30,156,15000.0,901.36,708,0.415,1,25,no
CL20111,36,215,34372.1,61555.44,660,0.329,6,17,yes
CL20112,40,148,30376.11,7828.49,590,0.23,5,19,yes
CL20113,80,170,54475.43,41472.19,614,0.61,2,19,no
CL20114,47,13,46181.81,954.75,560,0.683,4,21,yes
CL20115,59,15,27765.88,13293.81,708,0.536,2,23,no
CL20116,58,373,31059.26,5176.96,661,0.739,5,21,no
CL20117,44,324,34352.22,19109.45,628,0.245,1,21,no
CL20118,78,465,74509.39,14251.69,609,0.538,2,22,no
CL20119,32,180,26369.49,15077.44,705,0.283,2,14,yes
CL20120,20,36,27614.82,2928.42,730,0.582,2,17,no
CL20121,64,200,22974.43,9269.51,558,0.437,2,23,no
CL20122,59,122,19596.03,8045.01,544,0.53,4,13,no
CL20123,34,118,43833.41,17493.88,746,0.196,4,13,yes
CL20124,72,114,41827.38,30874.67,536,0.629,4,15,no
CL20125,28,132,67998.63,11766.92,709,0.693,2,22,no
CL20126,33,5,61000.3,2281.07,806,0.044,2,15,yes
CL20127,27,120,112274.55,11200.52,806,0.105,6,20,yes
CL20128,29,144,36929.18,199334.11,726,0.588,2,18,no
CL20129,63,183,33953.99,65703.41,724,0.324,1,14,no
CL20130,62,337,21266.71,500.0,850,0.399,3,16,yes
CL20131,58,65,52232.5,10644.99,450,0.131,1,19,no
CL20132,72,208,40269.13,28909.84,618,0.437,3,14,no
CL20133,22,53,51178.25,8025.06,736,0.514,6,23,yes
CL20134,57,54,22865.72,5830.72,630,0.611,2,15,no
CL20135,25,4,44722.05,7280.76,772,0.774,5,22,yes
CL20136,78,382,41870.63,18676.44,656,0.11,3,18,no
CL20137,57,358,40642.34,2641.92,672,0.338,3,15,no
CL20138,65,429,28072.07,38831.69,635,0.473,4,21,yes
CL20139,53,432,65198.78,9279.92,613,0.477,4,16,yes
CL20140,42,300,96051.37,3376.93,611,0.478,2,21,no
CL20141,61,477,23163.78,36062.28,684,0.329,2,14,no
CL20142,70,8,52796.48,1674.21,590,0.305,6,15,yes
CL20143,29,144,15000.0,5226.56,746,0.311,2,13,no
CL20144,72,348,51579.24,5128.53,719,0.139,6,18,yes
CL20145,63,78,16455.75,116486.8,759,0.28,3,13,no
CL20146,23,66,30144.71,4501.77,558,0.41,6,15,yes
CL20147,76,470,21144.58,830.3,507,0.721,3,14,no
CL20148,29,144,34647.29,5069.07,660,0.662,4,29,yes
CL20149,55,158,55684.5,16712.01,850,0.735,4,8,no
CL20150,26,36,16551.12,24384.36,774,0.242,3,13,no
CL20151,30,156,32475.27,135675.41,610,0.381,2,19,no
CL20152,58,3,30302.46,49907.78,698,0.705,4,23,yes
CL20153,60,330,77766.96,12284.71,725,0.805,4,22,no
CL20154,61,183,46364.64,3550.6,537,0.45,2,23,no
CL20155,39,24,22477.1,64063.6,783,0.194,5,22,yes
CL20156,69,471,30881.65,6477.9,645,0.363,4,24,yes
CL20157,21,48,76898.9,4643.01,652,0.391,1,20,no
CL20158,71,435,52652.26,6126.42,662,0.511,6,12,yes
CL20159,37,240,25255.39,2344.6,763,0.71,1,15,no
CL20160,57,7,33854.2,5797.76,592,0.384,4,19,yes
CL20161,75,373,34344.63,7569.83,506,0.756,3,15,no
CL20162,34,204,29968.68,22931.23,689,0.746,4,15,no
CL20163,43,312,17683.81,6334.07,476,0.724,5,15,yes
CL20164,70,128,28143.46,2304.05,633,0.232,5,15,yes
CL20165,72,188,71334.81,1565.03,767,0.581,4,19,yes
CL20166,32,180,32160.2,12594.37,712,0.15,6,17,yes
CL20167,50,32,36444.14,10759.23,754,0.207,5,23,yes
CL20168,38,252,40669.62,5231.96,716,0.686,5,19,yes
CL20169,50,381,103586.64,5781.54,850,0.229,3,22,no
CL20170,41,288,38330.21,15471.58,607,0.197,2,15,no
CL20171,18,12,62459.61,48978.08,696,0.688,2,20,no
CL20172,76,369,29167.75,4035.29,621,0.379,4,20,yes
CL20173,58,437,33971.27,10962.53,746,0.242,4,17,yes
CL20174,47,360,38393.7,29792.47,654,0.289,1,20,yes
CL20175,24,56,26947.35,4054.04,815,0.695,2,15,no
CL20176,22,60,34833.23,9720.8,612,0.096,6,13,no
CL20177,48,147,56932.57,9473.99,787,0.745,5,15,yes
CL20178,58,165,26631.13,2190.77,713,0.72,5,14,no
CL20179,34,174,38178.97,12013.35,657,0.374,2,15,no
CL20180,64,106,52518.99,10262.75,709,0.25,1,22,no
CL20181,42,300,26343.85,18738.71,684,0.172,2,14,no
CL20182,18,12,62500.9,2527.74,692,0.81,6,16,no
CL20183,51,379,39450.33,10011.26,641,0.216,4,20,yes
CL20184,29,144,35443.49,48484.24,597,0.168,5,18,yes
CL20185,18,12,15464.98,107917.77,630,0.464,3,16,no
CL20186,26,4,32269.39,43137.53,509,0.797,3,16,no
CL20187,35,142,45126.12,2556.43,736,0.731,4,18,no
CL20188,50,396,83734.41,16625.79,549,0.227,6,25,yes
CL20189,80,237,49293.63,5678.15,640,0.343,3,16,yes
CL20190,31,168,63373.26,13718.3,718,0.105,4,22,yes
CL20191,21,14,22156.87,4072.25,736,0.184,6,12,yes
CL20192,30,156,36059.65,1379.54,500,0.505,3,13,yes
CL20193,38,122,66127.23,6659.54,652,0.458,6,18,yes
CL20194,30,156,25604.41,22719.82,701,0.084,4,23,yes
CL20195,38,180,58944.42,13783.12,665,0.454,6,21,yes
CL20196,79,91,53103.23,15731.02,781,0.21,3,20,yes
CL20197,41,286,43201.29,12692.96,586,0.209,4,9,no
CL20198,57,230,32928.17,15759.63,476,0.407,2,24,yes
CL20199,61,227,24493.6,18195.66,733,0.314,4,24,yes
CL20200,26,108,84873.8,7216.44,612,0.795,2,13,no
CL20201,33,175,50733.32,10886.99,502,0.432,4,17,yes
CL20202,44,191,44501.46,73478.43,646,0.222,5,15,yes
CL20203,46,300,31704.62,11653.2,771,0.633,3,17,no
CL20204,18,12,38833.64,10393.63,546,0.384,3,16,no
CL20205,58,398,41114.77,11140.22,850,0.558,2,11,no
CL20206,36,111,45704.14,7703.31,585,0.304,5,18,yes
CL20207,38,117,53127.67,5998.96,668,0.52,4,19,yes
CL20208,55,6,26846.42,12581.47,550,0.1,4,14,yes
CL20209,77,165,19732.68,5532.68,664,0.547,1,7,no
CL20210,72,280,39653.18,8372.08,648,0.305,1,19,no
CL20211,79,339,17391.77,3987.45,526,0.174,1,24,yes
CL20212,44,324,33002.96,11206.1,850,0.468,6,17,yes
CL20213,25,96,30359.49,19376.65,615,0.146,6,17,yes
CL20214,31,155,47633.27,7756.59,615,0.333,1,24,yes
CL20215,39,264,93168.85,982.76,747,0.52,1,14,no
CL20216,36,94,15913.68,19514.78,823,0.634,5,9,no
CL20217,31,101,106232.28,11364.06,761,0.515,4,18,no
CL20218,27,120,34376.08,3158.28,552,0.238,2,16,yes
CL20219,29,144,44645.73,24082.98,679,0.361,4,23,yes
CL20220,59,98,20197.73,1981.9,491,0.099,2,11,no
CL20221,48,372,59789.91,32932.61,741,0.362,2,22,no
CL20222,20,36,38896.62,9265.27,513,0.366,3,14,no
CL20223,53,189,37135.91,728.37,588,0.731,6,21,yes
CL20224,71,291,15965.36,12149.93,660,0.384,5,12,yes
CL20225,44,207,39466.54,6203.56,700,0.236,2,16,no
CL20226,38,194,55861.06,5216.72,637,0.502,4,18,no
CL20227,35,216,34326.56,4237.02,797,0.33,6,13,yes
CL20228,41,210,64756.52,8550.13,725,0.548,6,14,yes
CL20229,35,55,63564.02,5664.83,718,0.371,5,23,yes
CL20230,76,351,28609.87,1170.06,549,0.452,1,12,no
CL20231,80,339,78260.73,42739.47,813,0.338,2,19,yes
CL20232,39,106,38963.58,7472.53,588,0.407,2,16,no
CL20233,76,409,39041.69,4265.33,816,0.369,1,28,no
CL20234,71,189,39916.36,2703.53,842,0.552,2,22,no
CL20235,22,60,39387.04,24012.79,706,0.133,2,16,yes
CL20236,48,83,15000.0,2223.42,753,0.379,4,16,yes
CL20237,59,343,35119.86,11545.9,383,0.413,3,16,no
CL20238,44,104,20665.57,5058.39,642,0.771,3,12,no
CL20239,46,226,79368.04,5408.72,759,0.609,2,20,no
CL20240,49,353,77943.33,2781.95,743,0.325,1,15,no
CL20241,61,410,56014.86,4849.51,550,0.79,6,15,yes
CL20242,36,228,34292.76,9997.94,634,0.445,4,14,no
CL20243,55,436,24255.37,12972.79,432,0.606,2,17,no
CL20244,33,146,28398.41,4010.09,697,0.619,5,13,yes
CL20245,74,419,91508.66,8914.42,491,0.8,5,20,no
CL20246,23,72,27959.47,27493.99,762,0.457,6,20,yes
CL20247,22,31,15000.0,1462.61,766,0.715,1,16,no
CL20248,20,36,60692.44,9826.03,617,0.254,4,21,yes
CL20249,40,276,74998.73,3316.28,707,0.69,6,21,yes
CL20250,56,445,80551.1,2949.57,640,0.52,5,15,yes
CL20251,80,443,60916.33,13361.91,682,0.466,2,11,no
CL20252,46,50,65557.56,5286.76,557,0.323,6,8,yes
CL20253,29,144,39097.76,2442.25,716,0.735,3,26,yes
CL20254,41,288,15000.0,45384.49,512,0.493,3,19,yes
CL20255,26,108,38659.45,28512.64,495,0.474,4,19,yes
CL20256,47,9,50498.95,1072.61,649,0.411,5,20,yes
CL20257,63,22,35922.84,1816.03,641,0.067,1,17,yes
CL20258,20,36,35193.75,19584.15,685,0.675,4,17,yes
CL20259,66,411,24739.26,7132.34,602,0.211,5,17,yes
CL20260,32,87,24323.97,55584.57,830,0.697,4,16,no
CL20261,60,23,87305.33,20106.27,674,0.651,2,17,no
CL20262,69,194,88739.1,13966.06,681,0.468,1,18,no
CL20263,66,151,38131.99,3055.99,678,0.182,4,20,yes
CL20264,60,472,43333.69,17416.2,750,0.158,5,21,yes
CL20265,61,445,24553.6,2282.15,712,0.456,4,15,yes
CL20266,29,144,50978.47,44401.62,700,0.429,6,19,yes
CL20267,26,108,84275.13,16082.06,726,0.115,4,12,no
CL20268,42,110,19184.27,3833.16,496,0.411,4,18,yes
CL20269,56,468,47039.71,24968.72,499,0.139,1,17,yes
CL20270,56,215,48657.44,130320.7,653,0.276,4,13,yes
CL20271,66,229,48408.12,7705.89,642,0.469,2,18,no
CL20272,37,25,79958.89,18638.32,712,0.121,5,13,yes
CL20273,72,86,95435.72,6023.33,662,0.218,1,20,no
CL20274,46,94,34369.76,10917.86,712,0.333,6,15,yes
CL20275,33,192,51685.27,1748.79,548,0.521,2,23,no
CL20276,64,92,39652.34,9891.1,659,0.401,3,21,yes
CL20277,26,50,28725.72,10405.75,539,0.186,1,19,no
CL20278,43,291,43125.35,78342.65,695,0.399,2,13,no
CL20279,67,419,51646.35,1256.07,491,0.483,6,21,yes
CL20280,66,34,42092.21,7165.15,691,0.234,2,17,yes
CL20281,34,204,25680.02,43535.62,528,0.41,4,14,no
CL20282,28,132,30989.31,7494.79,625,0.777,6,13,no
CL20283,20,36,31096.22,8127.08,741,0.214,4,12,no
CL20284,23,72,26131.59,3796.19,680,0.608,1,15,no
CL20285,69,39,43962.52,3386.34,512,0.828,3,17,no
CL20286,67,450,46080.74,1212.29,599,0.235,3,18,yes
CL20287,49,195,59324.81,4800.15,525,0.227,2,14,yes
CL20288,53,51,25953.71,3172.39,507,0.655,2,10,no
CL20289,38,252,29440.74,11336.07,671,0.256,4,20,yes
CL20290,30,156,76845.81,4000.53,710,0.198,3,19,yes
CL20291,18,12,35453.49,5701.42,700,0.24,2,13,no
CL20292,60,41,38698.61,5883.83,714,0.725,3,22,no
CL20293,20,36,35284.65,9363.83,659,0.175,3,29,yes
CL20294,24,84,63567.9,5389.45,635,0.127,2,16,no
CL20295,67,77,64686.89,2918.85,563,0.366,3,14,no
CL20296,54,256,63003.38,10923.06,620,0.743,6,16,yes
CL20297,48,189,38636.61,33779.38,541,0.497,4,25,no
CL20298,31,168,25781.28,11472.82,584,0.469,4,12,no
CL20299,27,49,90793.76,4908.42,668,0.809,6,13,no
CL20300,47,350,56125.14,8590.24,649,0.281,4,21,yes
CL20301,40,276,31085.71,936.15,850,0.503,2,23,no
CL20302,51,63,72454.82,8431.14,539,0.221,3,22,yes
CL20303,28,132,30000.7,6245.35,649,0.434,3,14,no
CL20304,32,180,72028.46,3383.01,532,0.564,3,21,no
CL20305,25,46,74252.6,4167.56,625,0.446,1,20,no
CL20306,44,141,25218.49,6174.79,629,0.466,1,15,no
CL20307,35,216,49602.24,30987.12,736,0.242,3,19,yes
CL20308,32,180,54284.06,34747.73,620,0.203,6,30,yes
CL20309,52,177,123835.47,3403.83,643,0.209,5,24,yes
CL20310,49,52,27336.13,5454.58,621,0.785,6,20,yes
CL20311,31,118,72739.84,5616.82,534,0.307,2,30,yes
CL20312,62,405,38476.61,25108.89,601,0.278,3,18,yes
CL20313,39,264,21837.55,11699.86,626,0.601,4,13,no
CL20314,39,207,36170.74,11011.64,667,0.303,3,11,no
CL20315,48,7,38219.81,18337.47,710,0.312,3,23,no
CL20316,26,108,23706.38,4984.68,639,0.347,3,21,yes
CL20317,44,224,43935.51,47499.27,637,0.438,1,13,no
CL20318,54,262,58748.1,9877.29,505,0.582,6,18,yes
CL20319,26,108,42497.07,3698.57,709,0.232,6,21,yes
CL20320,53,270,29916.64,7600.08,597,0.775,1,19,no
CL20321,20,36,35710.05,40811.43,727,0.507,3,16,no
CL20322,56,269,38099.46,6069.83,778,0.301,4,12,yes
CL20323,20,36,42099.65,29495.46,643,0.734,5,19,no
CL20324,29,144,62907.7,4821.56,568,0.655,6,15,yes
CL20325,40,276,43147.2,4103.05,658,0.623,3,28,no
CL20326,56,365,20308.33,21131.86,691,0.906,5,18,no
CL20327,63,109,29642.24,3622.54,632,0.658,6,16,yes
CL20328,47,323,41138.9,25486.94,609,0.486,5,16,yes
CL20329,26,108,63313.64,14829.44,711,0.63,2,17,no
CL20330,42,51,68461.78,3624.12,705,0.684,5,21,yes
CL20331,67,122,84847.3,9116.5,629,0.088,3,20,yes
CL20332,23,72,40488.63,5265.39,511,0.095,1,25,yes
CL20333,63,275,53824.77,14784.33,701,0.193,5,17,yes
CL20334,42,300,19840.73,86765.81,591,0.596,6,18,yes
CL20335,18,12,46325.45,6461.97,679,0.317,3,27,yes
CL20336,61,105,23532.35,18285.12,674,0.127,3,18,yes
CL20337,19,24,37118.0,10179.25,490,0.293,3,20,yes
CL20338,41,202,149257.35,10174.77,667,0.455,1,16,no
CL20339,30,156,43765.43,8184.64,706,0.573,6,14,yes
CL20340,54,389,25881.51,3692.17,717,0.257,1,21,no
CL20341,21,48,45867.18,14550.94,671,0.498,4,14,no
CL20342,23,72,30251.96,7100.69,482,0.487,1,24,yes
CL20343,51,373,24776.85,3496.37,775,0.8,5,17,no
CL20344,80,62,98362.29,31770.68,697,0.448,6,24,yes
CL20345,20,36,61701.62,11090.69,552,0.961,4,21,no
CL20346,47,61,44600.1,7613.56,589,0.369,4,24,yes
CL20347,68,356,32006.03,46215.25,681,0.341,5,14,yes
CL20348,36,69,33194.67,1198.12,721,0.574,6,20,yes
CL20349,49,136,76428.95,42776.49,616,0.707,6,12,yes
CL20350,70,209,43825.01,3596.74,734,0.195,2,21,no
CL20351,63,66,15000.0,12622.83,499,0.243,4,13,yes
CL20352,36,159,113484.59,5032.77,566,0.447,5,22,yes
CL20353,65,326,41455.59,3423.95,474,0.564,2,14,no
CL20354,60,467,44556.62,44845.1,579,0.166,5,18,yes
CL20355,49,226,62256.15,83671.11,796,0.449,1,14,no
CL20356,45,336,47071.89,7673.98,845,0.758,6,14,yes
CL20357,76,255,53429.0,14556.54,681,0.457,4,21,yes
CL20358,73,224,31549.86,10567.51,603,0.523,5,27,yes
CL20359,80,250,21951.53,72408.78,640,0.913,5,13,no
CL20360,60,461,43308.52,871.2,703,0.539,2,14,no
CL20361,40,29,72709.45,15270.71,519,0.592,3,20,yes
CL20362,24,84,28523.65,4288.98,608,0.726,6,18,yes
CL20363,25,25,27512.32,658.95,789,0.562,1,22,no
CL20364,77,421,66135.35,6538.02,566,0.378,5,17,yes
CL20365,40,276,31077.51,82888.87,593,0.592,2,12,no
CL20366,24,23,31737.3,4654.28,661,0.484,4,17,yes
CL20367,32,180,32276.19,24572.43,685,0.444,4,25,yes
CL20368,19,24,37077.24,39280.09,604,0.616,5,16,no
CL20369,51,23,18804.71,9753.67,667,0.071,6,15,yes
CL20370,55,456,29950.37,11367.62,715,0.459,3,19,no
CL20371,41,182,42347.54,1375.07,837,0.492,2,22,no
CL20372,64,12,42211.88,4343.39,649,0.447,3,13,no
CL20373,48,295,64285.98,28086.91,656,0.378,4,18,yes
CL20374,78,181,87354.21,10612.43,797,0.374,5,21,no
CL20375,66,316,75404.15,15099.89,611,0.26,5,15,yes
CL20376,22,60,57618.19,11534.89,541,0.504,3,15,no
CL20377,35,216,35705.84,123106.43,683,0.359,6,21,yes
CL20378,65,202,28842.89,6032.41,757,0.077,1,21,no
CL20379,51,202,38485.83,62706.57,692,0.644,1,21,no
CL20380,65,386,49687.59,11539.47,651,0.611,1,21,no
CL20381,39,264,55263.73,69447.67,530,0.47,6,15,yes
CL20382,20,1,50533.34,2419.4,655,0.331,2,23,no
CL20383,67,278,36151.4,12238.6,771,0.528,4,23,yes
CL20384,67,311,54398.29,6293.42,549,0.429,5,19,yes
CL20385,58,150,67332.12,11618.96,638,0.224,5,17,yes
CL20386,43,87,56730.78,40365.58,625,0.33,6,16,yes
CL20387,18,12,37631.4,15300.35,597,0.215,1,17,no
CL20388,63,407,26232.86,40273.14,682,0.366,3,24,yes
CL20389,59,3,25954.35,4579.05,700,0.284,4,20,yes
CL20390,60,281,28097.95,3841.97,699,0.718,5,20,yes
CL20391,28,132,42859.55,10082.14,572,0.374,4,18,yes
CL20392,64,170,48238.45,9466.84,512,0.116,4,19,yes
CL20393,63,97,20200.46,7992.52,684,0.495,2,16,no
CL20394,72,344,30430.55,3286.48,614,0.571,1,19,no
CL20395,53,303,42594.42,39279.16,825,0.636,3,13,no
CL20396,64,8,25467.13,6520.7,830,0.243,2,21,yes
CL20397,43,277,46409.38,51020.86,839,0.454,4,18,yes
CL20398,61,1,33244.92,10043.24,575,0.132,5,20,yes
CL20399,61,192,27569.38,20862.18,711,0.086,4,17,yes
CL20400,67,146,39102.53,18795.37,738,0.507,4,14,no
CL20401,71,401,45548.19,3835.61,728,0.355,1,11,no
CL20402,18,12,26060.13,15097.48,628,0.796,4,9,no
CL20403,67,336,34228.86,90906.15,775,0.269,3,13,no
CL20404,67,353,47120.12,13218.25,660,0.444,1,19,no
CL20405,52,11,27093.78,27902.41,672,0.508,2,15,no
CL20406,50,31,18106.19,21966.25,522,0.264,5,18,yes
CL20407,63,373,19120.99,14088.4,718,0.451,6,23,yes
CL20408,46,206,31630.5,12264.33,637,0.309,4,19,yes
CL20409,44,244,21093.32,18572.05,702,0.593,6,15,yes
CL20410,68,333,32647.55,23807.95,681,0.417,2,11,no
CL20411,67,167,80758.97,2090.19,676,0.257,2,16,yes
CL20412,31,168,20529.76,13152.91,656,0.318,6,13,yes
CL20413,70,349,33618.37,8008.91,731,0.261,2,14,yes
CL20414,38,116,99661.73,6309.07,642,0.252,4,16,yes
CL20415,26,108,45874.22,43930.28,529,0.41,2,27,no
CL20416,73,82,32355.02,4259.39,711,0.377,2,20,no
CL20417,32,150,35575.16,1990.25,587,0.254,3,18,yes
CL20418,30,156,46314.63,24712.73,541,0.539,3,24,no
CL20419,35,216,81887.15,1932.46,568,0.411,6,18,yes
CL20420,48,32,30064.97,1078.0,685,0.334,6,19,yes
CL20421,28,132,27148.45,28127.64,651,0.336,4,20,yes
CL20422,28,132,20527.81,11879.04,468,0.266,4,19,yes
CL20423,42,291,39990.34,17045.26,625,0.709,1,13,no
CL20424,31,168,20281.02,5950.37,765,0.767,2,15,no
CL20425,30,34,30986.22,2014.11,619,0.653,1,18,no
CL20426,75,355,25364.16,2530.94,645,0.801,6,20,no
CL20427,55,135,61904.96,7237.15,754,0.374,2,16,yes
CL20428,18,12,30370.34,2290.98,732,0.547,3,15,no
CL20429,24,84,45643.6,14088.45,752,0.069,6,17,yes
CL20430,69,13,18548.77,5814.87,410,0.514,5,12,yes
CL20431,35,216,40504.9,12244.0,816,0.423,4,13,no
CL20432,27,120,22216.22,11830.31,717,0.102,1,12,no
CL20433,59,247,31522.54,15441.59,850,0.362,4,14,yes
CL20434,70,15,103263.7,17578.03,590,0.818,4,15,no
CL20435,43,312,58074.3,6664.26,501,0.237,2,12,no
CL20436,64,17,36033.86,12228.99,661,0.655,5,23,yes
CL20437,44,127,161058.65,12983.17,635,0.238,6,15,yes
CL20438,24,84,25290.18,605.94,719,0.715,2,15,no
CL20439,68,338,64495.28,20816.57,757,0.436,2,17,no
CL20440,75,196,19154.57,11759.7,652,0.281,2,25,yes
CL20441,80,392,34208.68,18932.9,638,0.803,6,19,yes
CL20442,24,84,20816.36,2253.25,707,0.231,1,21,no
CL20443,53,368,42863.42,6883.35,637,0.432,6,19,yes
CL20444,57,19,39151.21,2820.7,629,0.623,5,15,no
CL20445,22,60,33241.38,23301.93,753,0.137,3,16,no
CL20446,77,99,62406.56,1966.71,773,0.083,4,22,yes
CL20447,24,84,29578.57,3401.76,758,0.457,6,16,yes
CL20448,34,204,44226.67,18296.43,645,0.374,5,11,yes
CL20449,79,41,55229.35,4799.27,467,0.277,2,15,no
CL20450,53,48,19585.61,3402.79,647,0.694,1,18,no
CL20451,60,335,27261.03,28077.6,592,0.767,4,16,no
CL20452,49,69,39114.07,29432.9,648,0.484,1,28,no
CL20453,65,465,50694.31,22705.94,600,0.604,1,17,no
CL20454,23,72,72370.71,26265.62,658,0.447,6,24,yes
CL20455,60,276,34643.11,7583.15,566,0.56,3,23,yes
CL20456,22,60,33109.91,7822.18,545,0.364,4,18,yes
CL20457,29,105,25779.42,4697.13,770,0.467,2,23,no
CL20458,49,267,44289.05,12002.72,573,0.248,1,16,no
CL20459,46,348,33399.53,5393.32,660,0.473,1,17,no
CL20460,27,11,33748.31,6014.77,746,0.155,3,12,no
CL20461,68,84,36598.05,19729.8,742,0.359,1,24,no
CL20462,37,71,48934.24,38646.83,732,0.184,3,17,yes
CL20463,72,162,29623.44,15646.45,687,0.298,2,24,yes
CL20464,18,12,26971.31,77921.97,725,0.554,4,23,no
CL20465,32,83,46363.88,4396.91,784,0.49,4,16,yes
CL20466,36,228,15000.0,1195.51,698,0.51,2,24,no
CL20467,55,223,29095.68,22512.41,495,0.044,3,18,yes
CL20468,43,172,22740.68,4074.04,612,0.067,1,22,yes
CL20469,27,120,65608.87,7224.65,723,0.391,2,15,no
CL20470,53,432,31306.48,1293.02,604,0.371,6,12,yes
CL20471,78,236,29663.65,3518.92,806,0.679,6,19,no
CL20472,26,108,37351.18,1758.89,654,0.253,3,12,yes
CL20473,33,192,29204.63,6006.22,668,0.134,6,18,no
CL20474,48,18,31850.5,6287.17,761,0.589,4,18,no
CL20475,63,230,39882.77,10975.87,644,0.376,1,13,no
CL20476,26,108,31573.76,41178.91,676,0.949,6,23,yes
CL20477,32,180,31471.96,21556.71,741,0.799,3,20,no
CL20478,32,180,24231.99,1532.27,527,0.424,4,23,no
CL20479,56,426,22715.38,19914.79,634,0.334,4,17,yes
CL20480,23,72,39233.51,11254.44,735,0.597,2,16,no
CL20481,59,393,43825.46,8844.04,666,0.405,5,12,yes
CL20482,44,118,20076.99,9642.11,792,0.306,4,17,no
CL20483,38,116,53743.27,12521.91,518,0.814,3,15,no
CL20484,72,470,53842.66,4466.37,508,0.185,2,19,yes
CL20485,69,7,59196.05,8024.84,729,0.666,5,18,yes
CL20486,68,170,43693.3,38620.17,738,0.457,2,22,no
CL20487,73,303,50852.62,4405.06,643,0.266,1,33,yes
CL20488,32,180,102054.44,3027.91,696,0.328,6,19,yes
CL20489,71,406,33333.4,9219.14,727,0.508,2,16,no
CL20490,29,121,23847.6,2696.87,587,0.591,4,16,no
CL20491,38,252,19142.63,1364.85,596,0.561,5,11,no
CL20492,52,61,84124.51,6659.92,677,0.381,6,18,yes
CL20493,64,102,84622.4,52360.89,741,0.345,4,20,yes
CL20494,54,84,25183.14,9467.36,555,0.484,5,15,yes
CL20495,53,356,27521.03,12153.39,642,0.132,6,25,yes
CL20496,41,98,32998.06,854.34,638,0.512,6,11,yes
CL20497,55,322,66231.77,16380.46,698,0.176,1,24,no
CL20498,47,166,21390.75,11018.94,659,0.261,5,14,yes
CL20499,48,272,15756.7,4607.07,611,0.758,2,19,no
CL20500,54,420,101253.39,12174.0,772,0.298,6,20,yes
CL20501,55,415,43939.46,12035.79,611,0.387,1,20,no
CL20502,38,6,46839.68,2926.58,634,0.238,2,18,yes
CL20503,26,108,34811.47,14496.05,517,0.278,2,17,yes
CL20504,36,228,47079.98,39210.73,596,0.641,4,19,no
CL20505,43,312,19314.42,7614.94,706,0.399,1,16,no
CL20506,28,90,26149.51,3649.21,689,0.253,1,19,yes
CL20507,29,144,40027.46,8068.98,714,0.53,4,21,no
CL20508,77,306,15000.0,26444.54,710,0.646,6,16,yes
CL20509,35,216,33318.47,2415.67,848,0.185,4,18,yes
CL20510,64,206,32406.88,19251.46,593,0.388,3,21,no
CL20511,26,108,33315.88,4538.19,514,0.768,4,23,no
CL20512,79,313,29792.54,13073.89,565,0.414,4,16,no
CL20513,31,168,24388.05,5172.02,597,0.139,3,19,no
CL20514,42,300,16815.99,5156.07,572,0.244,4,19,yes
CL20515,67,341,40746.95,57042.91,668,0.556,1,14,no
CL20516,30,146,33354.37,1957.75,773,0.086,2,13,yes
CL20517,52,294,20560.42,17294.97,799,0.795,5,20,no
CL20518,67,364,39267.01,72476.89,705,0.675,3,16,no
CL20519,19,24,33432.12,21771.35,850,0.592,1,22,no
CL20520,19,24,31024.71,2141.45,628,0.274,1,27,yes
CL20521,67,61,15000.0,2266.93,513,0.421,6,22,yes
CL20522,34,186,51908.89,4169.83,755,0.517,2,15,no
CL20523,75,337,21919.39,11867.92,495,0.32,1,12,no
CL20524,76,430,39280.03,12833.76,592,0.742,5,14,no
CL20525,73,311,26536.57,2292.85,707,0.355,4,14,yes
CL20526,80,319,32050.66,3627.61,651,0.486,3,26,yes
CL20527,69,165,64121.28,3892.45,643,0.372,6,19,yes
CL20528,42,300,48495.59,8039.65,554,0.269,2,23,no
CL20529,80,172,63482.4,96993.55,659,0.665,4,21,no
CL20530,39,25,44297.05,3384.07,750,0.489,5,19,yes
CL20531,54,119,45627.44,3217.95,662,0.239,4,13,yes
CL20532,18,12,17128.3,2688.9,585,0.482,2,24,no
CL20533,78,462,33094.21,20555.34,548,0.838,5,16,yes
CL20534,55,238,34502.64,9437.6,587,0.287,5,11,yes
CL20535,77,413,66214.13,3531.01,695,0.541,1,17,no
CL20536,40,276,30399.97,6521.01,691,0.403,1,16,no
CL20537,37,240,43009.95,3982.89,588,0.608,5,17,no
CL20538,50,387,42259.77,13908.77,461,0.53,1,16,no
CL20539,72,193,64276.79,216865.6,698,0.406,6,16,yes
CL20540,52,213,35947.51,18648.0,579,0.314,1,12,no
CL20541,67,354,55409.38,8893.39,722,0.408,6,25,yes
CL20542,31,168,17726.41,4606.75,592,0.901,5,16,no
CL20543,66,254,18466.09,2111.36,571,0.186,3,16,no
CL20544,64,208,15000.0,23011.36,674,0.694,2,19,no
CL20545,74,469,54376.82,21617.48,850,0.47,3,19,yes
CL20546,21,32,51696.75,5790.56,727,0.458,5,16,no
CL20547,42,27,57157.87,39948.01,672,0.291,5,18,yes
CL20548,23,72,28146.75,10140.3,692,0.257,2,16,yes
CL20549,43,17,29625.88,24124.3,502,0.371,4,12,no
CL20550,65,164,36153.48,13913.66,559,0.254,6,20,yes
CL20551,58,273,73105.92,8073.11,434,0.283,2,28,yes
CL20552,65,195,81815.55,3300.68,816,0.615,5,15,yes
CL20553,64,98,54568.6,8371.87,797,0.205,2,20,yes
CL20554,80,137,44309.7,26065.25,695,0.71,6,16,yes
CL20555,73,291,69628.01,5517.3,672,0.25,2,14,no
CL20556,54,444,34025.68,16410.93,520,0.145,2,27,yes
CL20557,73,376,32018.73,2849.37,640,0.131,3,18,yes
CL20558,21,48,36023.98,24271.72,821,0.144,3,16,yes
CL20559,63,67,24577.3,14184.18,672,0.165,2,22,yes
CL20560,50,117,35286.15,2483.87,609,0.53,4,16,no
CL20561,78,212,23090.27,7649.41,502,0.912,1,19,no
CL20562,49,119,60551.74,28887.29,784,0.369,6,21,yes
CL20563,29,144,48759.69,2326.48,654,0.814,1,24,no
CL20564,63,176,72642.33,2888.25,502,0.394,3,20,no
CL20565,77,401,18339.69,9136.92,577,0.655,6,19,yes
CL20566,19,24,89838.03,115073.96,545,0.188,1,22,no
CL20567,22,60,18814.56,4566.65,648,0.523,1,18,no
CL20568,59,343,22264.78,17493.16,679,0.395,5,13,yes
CL20569,53,99,28872.08,13348.45,615,0.331,1,25,no
CL20570,52,366,68766.66,5024.35,730,0.295,6,32,yes
CL20571,23,72,42256.27,11912.02,667,0.392,3,21,no
CL20572,54,311,34210.12,5913.48,756,0.25,6,21,yes
CL20573,53,219,26724.01,6558.55,628,0.499,2,19,no
CL20574,71,449,20554.38,1464.89,850,0.554,1,15,no
CL20575,42,300,63556.36,9622.87,609,0.154,6,18,yes
CL20576,39,93,54687.35,27832.44,579,0.334,5,19,yes
CL20577,23,72,70164.84,10572.8,568,0.239,6,21,yes
CL20578,53,432,45641.29,34685.74,641,0.593,2,24,no
CL20579,58,135,15000.0,19290.66,505,0.536,3,30,yes
CL20580,35,216,21805.94,9242.13,687,0.648,4,20,yes
CL20581,64,363,47060.63,4807.27,489,0.9,3,18,no
CL20582,77,132,32326.01,5657.84,675,0.573,2,19,no
CL20583,28,132,29688.68,1824.23,538,0.551,3,25,yes
CL20584,54,266,23238.09,7279.8,626,0.61,4,13,no
CL20585,61,86,58478.55,11706.49,714,0.287,1,17,no
CL20586,19,24,46877.2,71163.42,850,0.698,3,19,no
CL20587,29,144,47836.11,18170.75,563,0.615,2,13,no
CL20588,42,86,28706.5,3660.73,646,0.42,1,19,no
CL20589,26,108,41329.4,1890.75,595,0.446,1,16,no
CL20590,40,252,20910.48,7804.57,582,0.491,3,27,yes
CL20591,27,120,36010.92,25173.05,596,0.637,1,14,no
CL20592,74,191,15000.0,7679.36,734,0.786,3,30,no
CL20593,55,144,18851.5,18458.53,616,0.87,4,22,no
CL20594,38,234,33023.0,8036.15,850,0.212,6,20,yes
CL20595,67,342,111168.59,22573.92,697,0.431,1,9,no
CL20596,19,24,16977.86,1576.8,569,0.295,3,9,no
CL20597,55,136,21815.78,62618.09,627,0.224,1,15,no
CL20598,61,70,42089.29,2753.54,588,0.088,3,18,yes
CL20599,68,261,84646.61,24656.41,732,0.07,3,17,yes
CL20600,32,180,41813.63,7237.19,513,0.212,5,21,yes
CL20601,55,253,52363.44,8662.84,539,0.048,3,24,yes
CL20602,66,123,32796.54,7500.56,607,0.205,6,18,yes
CL20603,68,119,30339.94,13279.08,721,0.679,1,17,no
CL20604,29,144,39615.79,16749.99,771,0.257,1,9,no
CL20605,79,167,28389.36,33426.88,784,0.15,1,18,no
CL20606,35,98,52887.44,49968.16,708,0.588,3,33,no
CL20607,42,300,18530.58,14495.52,653,0.606,2,21,no
CL20608,30,156,56982.2,71020.61,732,0.624,1,30,yes
CL20609,27,120,38858.84,11013.96,557,0.569,2,18,no
CL20610,34,204,34661.18,34168.4,494,0.847,6,18,no
CL20611,26,108,18226.96,16204.23,699,0.204,5,15,yes
CL20612,64,224,24565.42,5262.78,569,0.346,1,24,no
CL20613,55,321,65473.0,12190.59,654,0.596,6,14,yes
CL20614,42,46,34756.8,17652.76,671,0.62,2,12,no
CL20615,52,256,43272.79,9537.36,682,0.055,3,20,yes
CL20616,56,32,25699.08,15911.3,744,0.649,2,26,no
CL20617,29,67,37681.53,26773.49,735,0.379,3,14,yes
CL20618,36,228,20589.4,9634.65,678,0.593,5,29,yes
CL20619,73,99,39932.55,500.0,620,0.438,5,16,yes
CL20620,18,12,45106.81,68187.1,670,0.605,4,14,no
CL20621,78,86,44102.72,7028.79,606,0.248,4,17,yes
CL20622,78,371,25422.42,3840.0,642,0.41,5,16,yes
CL20623,33,192,32730.97,2716.97,850,0.52,2,13,no
CL20624,38,184,48617.43,6721.64,676,0.276,3,17,yes
CL20625,31,168,34712.43,5181.45,701,0.432,1,10,no
CL20626,53,186,33547.33,4240.51,597,0.54,5,22,yes
CL20627,31,168,89909.64,4516.78,752,0.183,3,27,yes
CL20628,67,166,24885.86,18200.5,728,0.268,4,21,yes
CL20629,42,13,62080.57,102223.61,729,0.559,4,14,no
CL20630,78,53,22706.21,25429.3,679,0.525,2,18,no
CL20631,71,132,51259.26,35989.69,753,0.097,1,17,no
CL20632,43,90,52505.26,6412.33,774,0.373,6,14,yes
CL20633,55,76,30343.44,11163.06,685,0.145,2,21,yes
CL20634,19,24,22073.55,16162.59,650,0.514,1,15,no
CL20635,22,60,15729.69,4635.54,741,0.096,2,16,yes
CL20636,49,97,28946.34,6065.73,579,0.356,6,19,yes
CL20637,47,114,48377.9,26442.68,595,0.23,2,22,yes
CL20638,43,312,23507.32,34677.16,655,0.198,6,15,yes
CL20639,23,72,39879.87,10694.9,503,0.401,3,16,no
CL20640,70,399,19645.56,2503.81,734,0.389,6,15,yes
CL20641,43,299,34363.5,7044.97,573,0.13,4,10,yes
CL20642,47,360,22784.37,1886.48,618,0.52,1,19,no
CL20643,43,267,36860.98,10791.16,641,0.386,4,19,yes
CL20644,49,285,30470.5,13276.01,664,0.264,3,18,yes
CL20645,58,109,22344.49,7249.47,629,0.663,2,24,yes
CL20646,66,276,28381.9,13068.6,654,0.325,4,20,yes
CL20647,52,322,25075.07,15985.49,655,0.601,1,20,no
CL20648,28,132,21136.02,13298.3,620,0.274,5,24,yes
CL20649,73,47,62145.62,2485.53,590,0.119,5,17,yes
CL20650,35,76,32465.11,7396.38,757,0.447,1,15,no
CL20651,19,10,15000.0,15856.26,471,0.35,3,20,no
CL20652,20,36,28840.15,60810.55,641,0.263,4,17,yes
CL20653,66,40,57619.73,7239.34,618,0.221,1,20,yes
CL20654,42,300,27102.7,18647.48,698,0.571,3,14,no
CL20655,19,24,74905.66,27170.16,529,0.266,2,13,no
CL20656,69,139,25964.93,7894.16,615,0.466,1,21,no
CL20657,37,240,47883.85,37073.92,651,0.557,5,21,no
CL20658,79,346,60869.49,39438.58,756,0.465,3,19,no
CL20659,73,263,46750.83,48409.07,690,0.924,5,19,yes
CL20660,21,48,20567.71,16767.49,553,0.343,4,28,yes
CL20661,61,363,24981.46,149366.43,616,0.196,6,13,yes
CL20662,56,306,64636.33,4877.68,740,0.529,6,17,no
CL20663,28,132,26580.28,113855.94,552,0.475,4,17,no
CL20664,39,264,59222.36,23945.71,653,0.161,3,14,yes
CL20665,48,346,31456.84,46232.83,659,0.441,3,19,no
CL20666,27,120,40686.3,6849.68,625,0.433,5,20,yes
CL20667,63,464,20460.51,26138.01,850,0.483,3,16,no
CL20668,35,216,29035.65,51073.46,623,0.474,4,17,no
CL20669,77,172,25748.0,2834.26,700,0.178,2,16,no
CL20670,68,455,42256.77,8202.34,591,0.237,6,17,yes
CL20671,57,480,39812.61,843.5,707,0.581,4,16,no
CL20672,25,59,47013.61,8062.0,738,0.124,2,20,yes
CL20673,19,24,30615.6,3872.25,607,0.895,4,15,no
CL20674,27,120,25119.42,7704.56,655,0.3,3,18,yes
CL20675,49,360,41449.38,285554.98,579,0.202,1,28,no
CL20676,67,469,24021.03,71358.66,557,0.625,6,24,yes
CL20677,27,120,62024.83,1890.57,753,0.588,6,20,yes
CL20678,62,469,36259.8,18752.81,610,0.369,6,16,yes
CL20679,21,48,32966.24,24804.26,443,0.369,3,17,no
CL20680,34,40,47003.58,6710.43,819,0.387,2,7,no
CL20681,55,246,36887.79,12149.63,588,0.217,1,20,no
CL20682,70,65,18103.79,13593.94,638,0.808,5,22,yes
CL20683,66,460,23679.3,2103.58,808,0.667,2,19,no
CL20684,51,367,61449.37,3022.9,647,0.598,6,10,no
CL20685,20,36,39646.1,12065.93,645,0.638,6,21,yes
CL20686,36,228,17913.22,11095.7,549,0.351,1,14,no
CL20687,67,191,44732.27,4381.53,513,0.086,6,14,yes
CL20688,23,72,29683.11,3969.79,645,0.138,1,12,no
CL20689,62,455,25757.34,8926.27,693,0.457,3,12,no
CL20690,62,73,22806.65,27421.25,687,0.146,3,16,no
CL20691,65,425,59872.24,9063.78,617,0.494,6,14,yes
CL20692,31,168,15764.66,63968.14,662,0.186,4,16,yes
CL20693,33,192,26189.41,4446.21,495,0.437,6,22,yes
CL20694,30,156,40298.0,12358.21,701,0.346,4,20,yes
CL20695,42,40,77673.03,6585.07,675,0.241,5,23,yes
CL20696,51,72,48983.37,19460.75,838,0.468,6,15,no
CL20697,25,78,26089.52,4028.6,661,0.721,6,22,yes
CL20698,53,374,75978.76,90808.43,575,0.77,3,14,no
CL20699,33,37,20747.78,1416.29,655,0.206,3,19,yes
CL20700,53,294,43019.18,71168.26,630,0.395,6,18,yes
CL20701,37,52,47548.38,10976.22,699,0.423,5,19,yes
CL20702,78,369,25680.78,18681.49,662,0.637,6,25,yes
CL20703,38,252,52256.36,45922.19,547,0.192,4,23,yes
CL20704,72,199,30295.35,26537.41,513,0.628,6,9,no
CL20705,29,102,52198.76,4274.7,684,0.245,5,16,yes
CL20706,23,72,16683.61,19734.09,784,0.441,5,25,yes
CL20707,29,144,44388.66,84761.36,667,0.484,2,14,no
CL20708,44,324,31715.22,3567.48,733,0.303,4,21,yes
CL20709,74,306,64046.63,113118.68,751,0.381,5,20,yes
CL20710,29,144,37429.28,15422.12,684,0.265,5,21,yes
CL20711,67,303,66980.26,6013.66,587,0.583,6,11,no
CL20712,61,105,47974.54,3542.96,678,0.201,2,25,yes
CL20713,39,100,36048.52,7655.81,769,0.094,2,12,no
CL20714,39,264,54418.05,1044.64,708,0.618,6,14,no
CL20715,77,279,54574.73,6139.32,727,0.406,6,15,yes
CL20716,63,414,47209.93,7314.64,618,0.267,2,13,no
CL20717,33,192,15000.0,2876.77,642,0.403,3,11,no
CL20718,75,219,24534.8,23389.02,649,0.443,6,20,yes
CL20719,43,274,71171.49,7695.71,655,0.298,2,18,no
CL20720,23,72,21694.72,4763.97,765,0.491,5,17,yes
CL20721,69,90,56789.54,6808.08,449,0.319,1,22,no
CL20722,72,222,52465.11,14888.93,663,0.219,2,17,no
CL20723,45,336,27540.46,10766.6,653,0.416,5,15,yes
CL20724,62,42,15555.13,4419.93,537,0.277,4,19,yes
CL20725,32,36,29554.44,11435.77,720,0.024,4,16,yes
CL20726,71,77,97256.47,9336.84,595,0.559,6,26,yes
CL20727,41,284,25887.75,2669.42,628,0.556,2,17,no
CL20728,34,115,26704.42,7102.62,826,0.518,4,17,no
CL20729,49,210,24369.51,19268.73,751,0.253,4,24,yes
CL20730,34,65,65950.06,19109.85,712,0.393,5,20,yes
CL20731,57,121,34224.19,7597.25,694,0.161,2,25,yes
CL20732,65,9,28806.09,21553.4,645,0.328,4,18,yes
CL20733,43,312,72118.31,3206.87,840,0.331,3,25,yes
CL20734,67,224,49551.72,3323.14,732,0.589,4,15,no
CL20735,45,85,25243.38,7413.49,593,0.054,6,9,yes
CL20736,79,253,22012.97,55392.59,534,0.663,3,18,no
CL20737,34,204,64291.1,11941.07,711,0.46,5,18,yes
CL20738,62,396,38466.95,7210.76,655,0.375,6,12,yes
CL20739,51,408,19013.82,58440.17,531,0.583,5,19,yes
CL20740,77,195,17113.07,7115.43,699,0.563,6,16,yes
CL20741,31,168,23104.5,129306.81,636,0.313,4,13,yes
CL20742,30,152,21856.03,5497.37,708,0.608,2,20,no
CL20743,72,147,15203.26,3091.81,700,0.424,6,23,yes
CL20744,74,442,23277.02,8173.76,605,0.415,4,11,yes
CL20745,65,66,25245.77,7432.02,717,0.822,2,26,no
CL20746,47,360,31001.58,3909.33,615,0.77,2,23,no
CL20747,43,312,81781.76,197258.47,621,0.777,2,23,no
CL20748,59,406,33857.66,14277.22,612,0.214,6,13,yes
CL20749,65,302,35404.4,16880.04,762,0.59,1,28,yes
CL20750,35,216,48010.01,5818.74,635,0.524,5,16,no
CL20751,18,12,34310.51,5093.29,784,0.385,4,10,no
CL20752,22,60,45709.84,32189.39,821,0.272,1,22,no
CL20753,39,246,43315.97,1440.55,594,0.151,4,12,no
CL20754,60,461,40342.66,2659.0,397,0.456,5,14,no
CL20755,45,42,132575.79,7447.21,754,0.51,5,24,yes
CL20756,56,447,57526.82,46803.09,629,0.417,4,22,yes
CL20757,47,276,23464.06,6433.7,582,0.377,3,15,no
CL20758,33,50,45098.31,15971.71,607,0.318,1,18,no
CL20759,65,245,26734.72,10217.81,623,0.252,1,19,no
CL20760,63,18,46667.95,43945.13,777,0.264,3,14,no
CL20761,78,40,20561.29,1599.7,674,0.328,4,21,yes
CL20762,70,256,23190.53,23071.6,776,0.441,1,19,no
CL20763,41,288,44567.42,7873.57,704,0.626,6,23,yes
CL20764,62,52,59811.37,28670.29,632,0.344,4,24,yes
CL20765,40,126,47867.4,3857.7,625,0.56,2,11,no
CL20766,72,188,56069.81,10178.69,711,0.75,6,14,no
CL20767,56,260,45171.35,8796.57,734,0.234,2,18,yes
CL20768,70,1,41258.95,3125.03,750,0.161,6,13,yes
CL20769,35,216,30434.68,2269.98,636,0.41,2,20,no
CL20770,18,12,55041.95,5077.26,676,0.29,3,12,no
CL20771,26,108,60548.24,11492.17,713,0.595,3,17,yes
CL20772,51,145,37108.37,4144.56,625,0.575,6,16,yes
CL20773,78,238,36220.6,6771.08,558,0.57,2,22,no
CL20774,57,40,78130.25,1131.54,587,0.495,6,13,yes
CL20775,69,441,37828.2,6462.38,638,0.56,3,20,no
CL20776,47,360,39500.11,32116.48,720,0.174,2,16,no
CL20777,78,171,47472.3,22269.15,773,0.425,4,18,no
CL20778,77,222,36533.58,8955.65,538,0.429,5,15,yes
CL20779,31,168,26392.81,13097.81,606,0.381,3,18,yes
CL20780,72,142,45255.73,3818.07,628,0.129,1,22,yes
CL20781,19,24,37517.41,64093.9,732,0.349,3,20,no
CL20782,55,117,87466.61,106716.05,612,0.402,4,19,no
CL20783,45,336,54437.14,11962.68,621,0.358,1,19,no
CL20784,36,102,29203.18,194714.31,533,0.264,1,22,no
CL20785,76,43,53001.59,4526.89,704,0.306,6,17,yes
CL20786,59,80,43850.42,2347.86,645,0.225,1,18,no
CL20787,26,108,68819.46,4376.19,601,0.475,3,15,no
CL20788,26,108,30151.67,7689.31,637,0.496,5,25,yes
CL20789,25,96,41560.45,141333.35,761,0.521,2,25,no
CL20790,37,134,36512.42,7162.88,570,0.105,3,22,yes
CL20791,22,60,39195.44,3682.68,584,0.732,1,22,no
CL20792,34,204,25633.63,3521.96,773,0.734,5,12,no
CL20793,66,252,49471.91,36718.11,667,0.51,4,21,yes
CL20794,73,13,46077.68,31160.2,720,0.45,6,18,yes
CL20795,67,287,68074.0,5662.95,696,0.613,6,21,no
CL20796,49,19,38005.58,1144.64,657,0.211,3,17,yes
CL20797,61,133,31719.03,2703.0,629,0.64,1,23,no
CL20798,77,141,54457.86,71641.54,735,0.556,3,19,yes
CL20799,21,48,26705.05,21853.78,765,0.575,1,19,no
CL20800,74,431,62208.26,10670.95,758,0.333,4,21,yes
CL20801,63,336,62148.31,84893.95,553,0.562,1,18,no
CL20802,42,210,67223.32,94096.41,777,0.146,6,20,yes
CL20803,46,253,45228.39,9496.41,628,0.627,4,16,no
CL20804,45,246,30671.12,9699.14,592,0.078,2,13,no
CL20805,27,71,40100.11,5067.72,645,0.476,6,14,yes
CL20806,32,180,45298.58,7134.56,735,0.72,5,22,yes
CL20807,36,228,29671.32,1791.35,709,0.23,3,13,yes
CL20808,18,12,69557.03,1783.01,637,0.7,1,11,no
CL20809,49,56,49564.88,1365.04,735,0.451,3,8,no
CL20810,48,80,25552.74,34440.47,673,0.519,4,29,yes
CL20811,38,252,89080.27,1643.18,608,0.705,5,23,yes
CL20812,29,15,39887.78,93195.68,596,0.105,2,16,yes
CL20813,79,50,23333.69,4272.97,697,0.486,5,15,no
CL20814,60,312,26275.33,72980.85,653,0.306,2,9,no
CL20815,47,71,74570.68,6504.1,536,0.535,2,20,yes
CL20816,63,34,86789.7,1634.16,736,0.094,3,14,yes
CL20817,41,10,60130.25,43318.96,617,0.366,1,25,no
CL20818,31,168,69126.19,49619.81,803,0.428,3,16,no
CL20819,60,175,66004.42,3491.34,534,0.2,3,15,yes
CL20820,66,137,49050.82,6758.79,644,0.417,2,17,no
CL20821,58,307,44270.28,3492.37,597,0.379,5,24,yes
CL20822,53,82,48675.86,8616.16,572,0.496,2,27,yes
CL20823,18,12,53167.73,11203.75,616,0.6,5,16,no
CL20824,58,233,27344.78,6607.16,819,0.5,5,5,no
CL20825,56,324,53070.76,1222.04,673,0.659,4,16,no
CL20826,43,300,73598.33,5074.53,589,0.589,2,23,no
CL20827,33,192,34791.64,22226.63,495,0.499,5,22,yes
CL20828,79,103,33157.97,7783.53,505,0.464,2,16,no
CL20829,41,68,47308.53,6791.61,612,0.468,2,17,no
CL20830,35,216,28499.85,3393.47,603,0.298,6,22,yes
CL20831,62,28,21108.51,4907.11,640,0.09,3,24,yes
CL20832,48,219,63989.45,50025.61,456,0.578,5,21,no
CL20833,53,301,31165.65,2668.46,652,0.597,1,19,no
CL20834,58,395,38495.7,22673.37,752,0.617,4,10,no
CL20835,41,288,29011.39,10447.45,806,0.02,6,24,yes
CL20836,27,120,67815.07,13115.27,489,0.235,5,21,yes
CL20837,28,132,56046.07,4263.26,588,0.381,4,17,yes
CL20838,77,215,34257.72,6604.17,583,0.374,6,22,yes
CL20839,49,118,22450.01,9832.24,673,0.629,2,20,no
CL20840,44,324,32659.19,5438.36,550,0.327,3,23,yes
CL20841,38,252,49343.86,14489.03,811,0.215,1,21,no
CL20842,63,155,41559.69,16748.35,664,0.694,5,12,no
CL20843,75,37,40098.5,120404.55,649,0.683,5,25,yes
CL20844,66,6,41993.26,13628.5,803,0.324,5,23,yes
CL20845,51,304,53715.58,1097.64,659,0.658,5,19,yes
CL20846,47,319,37465.03,37702.13,696,0.083,1,27,yes
CL20847,72,58,46747.03,7828.68,592,0.545,4,16,yes
CL20848,71,11,24486.72,100078.9,537,0.588,5,25,yes
CL20849,42,300,120479.25,53721.21,605,0.754,2,21,no
CL20850,78,191,33599.39,5535.53,850,0.061,3,15,yes
CL20851,70,201,41840.37,22701.54,717,0.203,6,16,yes
CL20852,71,126,49262.06,4998.79,685,0.435,3,14,no
CL20853,21,48,31734.01,9927.8,572,0.264,5,7,yes
CL20854,26,108,38312.1,21533.87,742,0.257,4,21,yes
CL20855,36,26,38103.21,35594.64,538,0.572,4,22,yes
CL20856,65,43,25303.12,27708.28,519,0.333,4,19,yes
CL20857,22,60,46507.33,10788.52,610,0.687,4,26,yes
CL20858,23,72,18175.87,172118.33,836,0.652,5,17,yes
CL20859,19,24,84012.33,6504.35,831,0.596,6,16,no
CL20860,30,76,54548.03,1558.87,619,0.506,2,17,no
CL20861,75,328,50899.33,1945.15,599,0.489,6,18,yes
CL20862,63,219,17474.73,53912.03,512,0.658,4,20,yes
CL20863,63,58,26725.2,9062.04,667,0.32,4,23,yes
CL20864,36,228,71339.49,11883.62,675,0.842,2,23,no
CL20865,57,36,247226.11,5303.37,731,0.784,3,20,no
CL20866,67,111,65356.46,5880.47,742,0.039,4,16,no
CL20867,51,343,60877.84,4003.16,642,0.216,3,17,yes
CL20868,71,107,48350.82,17014.54,710,0.451,2,14,no
CL20869,53,31,26072.24,8848.59,597,0.637,5,19,yes
CL20870,38,252,59744.26,16321.79,708,0.207,3,23,yes
CL20871,58,108,23259.22,14623.05,614,0.61,4,19,no
CL20872,77,248,22142.11,6064.69,701,0.288,1,18,no
CL20873,70,396,21523.74,1849.11,694,0.468,1,20,no
CL20874,49,384,59223.59,1672.93,666,0.431,6,18,yes
CL20875,55,389,37203.71,321466.73,732,0.256,1,17,no
CL20876,79,164,39950.09,54170.92,519,0.486,5,20,yes
CL20877,65,410,37913.72,46221.94,564,0.322,6,22,yes
CL20878,49,7,23004.1,4556.01,636,0.206,3,14,yes
CL20879,35,157,28230.86,10005.96,530,0.069,6,17,yes
CL20880,75,96,28877.22,3875.12,623,0.549,3,23,no
CL20881,79,254,20284.81,2188.79,626,0.444,6,17,yes
CL20882,22,60,30427.6,5028.67,778,0.467,2,17,no
CL20883,20,36,23468.45,45483.86,673,0.196,3,15,yes
CL20884,25,96,49511.19,26026.15,753,0.382,3,13,no
CL20885,42,66,51402.24,3243.62,687,0.45,5,17,yes
CL20886,28,132,21329.84,6890.93,612,0.299,1,17,no
CL20887,73,348,33406.83,23423.42,672,0.734,5,17,no
CL20888,75,220,88011.87,5132.68,726,0.526,1,17,no
CL20889,29,47,24554.65,10845.7,767,0.394,2,17,no
CL20890,70,51,46257.88,15711.13,648,0.481,4,19,yes
CL20891,26,108,40034.02,15515.12,512,0.675,1,20,no
CL20892,67,142,62429.89,13256.82,505,0.711,3,15,yes
CL20893,41,288,43606.44,4666.89,631,0.675,6,23,yes
CL20894,20,36,31442.54,5252.08,450,0.18,5,25,yes
CL20895,44,237,39341.84,2687.33,822,0.218,1,19,no
CL20896,69,101,39601.27,1643.3,714,0.174,4,27,yes
CL20897,76,233,36634.19,8673.6,603,0.525,4,15,yes
CL20898,25,96,21086.74,25303.51,560,0.642,1,20,no
CL20899,70,88,66795.43,2023.68,753,0.337,4,11,no
CL20900,36,228,61691.11,13546.98,560,0.321,4,17,yes
CL20901,47,167,23863.73,24399.69,568,0.32,5,24,yes
CL20902,24,84,33345.35,1197.22,591,0.192,2,21,yes
CL20903,79,350,34499.89,7250.54,670,0.814,2,15,no
CL20904,67,264,22687.44,65718.89,716,0.359,5,14,yes
CL20905,58,260,16480.64,18671.1,767,0.614,5,23,yes
CL20906,63,87,28232.62,1151.68,754,0.811,1,14,no
CL20907,73,255,32520.27,21101.31,660,0.749,2,18,no
CL20908,27,120,19959.19,4188.52,752,0.191,4,17,yes
CL20909,33,94,41342.24,21916.67,600,0.384,5,21,yes
CL20910,20,36,64426.82,4475.65,496,0.481,2,24,no
CL20911,48,332,55767.82,9311.57,600,0.688,2,15,no
CL20912,49,384,36061.87,5333.84,587,0.435,5,22,yes
CL20913,19,24,16677.48,9933.13,603,0.258,5,18,yes
CL20914,59,398,52683.95,5154.51,574,0.363,6,20,yes
CL20915,18,12,40777.12,7653.6,619,0.036,5,16,yes
CL20916,67,274,46210.3,2560.75,716,0.503,6,19,no
CL20917,62,454,91239.78,17400.58,814,0.578,2,15,no
CL20918,69,212,26339.76,12107.47,505,0.397,2,16,no
CL20919,25,96,15000.0,1542.24,544,0.634,2,17,no
CL20920,72,75,23764.44,31003.46,589,0.269,1,19,yes
CL20921,52,254,47511.18,8080.98,729,0.595,5,14,no
CL20922,72,282,38642.84,11920.64,642,0.361,4,13,no
CL20923,61,472,22091.84,23843.0,595,0.294,1,20,no
CL20924,59,97,20153.38,14435.97,725,0.279,2,20,no
CL20925,20,36,32546.53,37796.95,746,0.57,2,16,no
CL20926,61,311,21791.11,7063.6,658,0.447,3,21,no
CL20927,46,348,48256.46,32519.45,587,0.402,3,16,no
CL20928,71,115,31724.92,11399.94,684,0.538,2,15,no
CL20929,61,334,28790.39,17743.57,639,0.358,6,19,yes
CL20930,22,60,27140.32,15743.35,638,0.411,2,15,no
CL20931,74,304,42976.35,41226.64,614,0.713,4,15,no
CL20932,21,48,38916.52,22688.74,743,0.209,3,21,yes
CL20933,36,113,41809.58,5946.82,682,0.242,3,23,yes
CL20934,31,139,41400.91,4734.08,753,0.708,5,18,yes
CL20935,79,25,36957.06,9346.74,780,0.616,6,22,yes
CL20936,27,73,23982.78,4129.38,701,0.332,1,21,no
CL20937,71,211,27483.17,2951.23,614,0.293,3,7,no
CL20938,31,68,31964.98,856.4,754,0.284,1,18,no
CL20939,58,5,96697.02,1666.28,702,0.631,3,17,no
CL20940,23,72,20806.56,97072.88,850,0.339,4,13,yes
CL20941,42,35,31617.33,4651.87,688,0.257,3,20,yes
CL20942,57,68,39903.53,88342.74,723,0.634,2,8,no
CL20943,62,286,33306.25,15734.76,686,0.177,2,11,yes
CL20944,72,443,61900.67,9346.7,651,0.38,2,12,no
CL20945,69,348,33228.92,1762.17,637,0.689,2,27,no
CL20946,50,16,34353.4,9950.41,686,0.526,3,21,no
CL20947,37,81,55082.25,87204.51,707,0.896,5,16,no
CL20948,34,204,86234.04,59354.44,764,0.382,1,14,no
CL20949,80,352,71924.65,13566.71,688,0.393,1,20,no
CL20950,56,188,35900.47,2641.31,618,0.344,4,25,yes
CL20951,75,456,37336.2,3292.03,631,0.519,5,13,yes
CL20952,45,336,38988.56,3712.72,541,0.451,2,20,no
CL20953,48,357,40788.27,43039.7,810,0.518,2,15,no
CL20954,70,360,26073.98,64632.88,611,0.259,4,14,yes
CL20955,63,377,58189.91,12397.83,747,0.552,3,23,no
CL20956,30,72,41897.19,6984.56,685,0.598,5,13,yes
CL20957,51,337,37414.54,58748.28,687,0.45,1,17,no
CL20958,31,168,21546.84,3211.97,649,0.286,1,17,no
CL20959,65,108,39262.64,10504.9,589,0.735,4,19,yes
CL20960,19,8,16285.89,16855.14,573,0.625,3,14,no
CL20961,70,174,29385.53,3669.38,816,0.546,5,17,no
CL20962,76,130,29631.88,4763.31,670,0.165,4,20,yes
CL20963,19,24,43440.52,4355.53,761,0.464,3,19,no
CL20964,57,215,88959.15,50475.12,785,0.542,1,13,no
CL20965,22,60,49382.84,89457.81,623,0.298,1,15,no
CL20966,40,276,73260.8,11293.83,698,0.288,5,14,yes
CL20967,39,264,51039.01,7270.27,664,0.599,2,20,no
CL20968,50,360,63340.11,4965.07,556,0.451,4,16,no
CL20969,75,465,88054.16,9917.03,643,0.29,5,18,yes
CL20970,47,331,27465.16,5256.63,713,0.375,6,15,yes
CL20971,43,112,26670.22,8852.15,615,0.149,2,17,yes
CL20972,23,72,51583.9,15918.19,631,0.463,1,25,no
CL20973,73,155,38114.3,6209.84,644,0.879,5,19,yes
CL20974,37,159,42157.13,7958.32,850,0.472,5,20,yes
CL20975,47,310,34135.73,7996.25,495,0.53,2,15,no
CL20976,23,72,29192.98,6869.19,705,0.4,4,27,yes
CL20977,36,12,79169.32,5957.08,637,0.244,2,15,no
CL20978,52,420,23273.31,23778.24,602,0.388,5,21,yes
CL20979,74,275,51993.63,1291.62,635,0.382,5,22,yes
CL20980,38,252,48334.59,60501.4,720,0.682,2,23,no
CL20981,53,389,18759.28,11566.39,725,0.291,3,13,no
CL20982,73,305,26269.11,19960.69,677,0.624,3,24,no
CL20983,40,276,28333.19,22784.58,758,0.289,1,17,no
CL20984,36,228,49220.37,4384.07,774,0.542,1,27,no
CL20985,20,36,32365.04,3458.15,733,0.173,6,23,yes
CL20986,75,398,36734.98,3019.63,611,0.537,3,27,yes
CL20987,24,84,19812.31,7449.27,704,0.313,1,23,no
CL20988,31,88,108734.05,22116.64,705,0.126,1,16,no
CL20989,26,71,39420.37,5057.73,587,0.254,3,18,yes
CL20990,62,423,47788.98,19912.87,519,0.487,6,28,yes
CL20991,40,276,29933.05,649.95,478,0.477,3,24,no
CL20992,62,477,28461.79,6352.46,666,0.122,6,21,yes
CL20993,56,49,90283.33,37881.11,687,0.509,3,21,yes
CL20994,18,12,16114.51,8130.54,554,0.375,5,16,yes
CL20995,37,240,43277.63,3814.19,754,0.264,5,14,yes
CL20996,18,12,22132.96,4650.04,674,0.283,1,21,no
CL20997,22,60,31816.79,500.0,781,0.491,1,20,no
CL20998,47,245,28648.53,3091.55,693,0.378,6,17,yes
CL20999,34,204,24497.1,33383.85,564,0.261,6,18,yes
CL21000,23,15,38791.2,5064.48,701,0.328,1,19,no
CL21001,43,241,15000.0,5800.93,720,0.276,4,16,yes
CL21002,46,114,33124.56,677.5,611,0.318,6,16,yes
CL21003,80,97,36657.36,1517.07,530,0.147,6,23,yes
CL21004,59,27,20709.04,38892.49,669,0.114,2,18,yes
CL21005,42,220,75429.1,20128.42,570,0.275,5,23,yes
CL21006,47,23,29216.64,2225.96,761,0.569,4,17,no
CL21007,23,72,34307.94,4792.66,623,0.409,6,17,yes
CL21008,42,300,29246.1,9570.61,815,0.499,1,14,no
CL21009,54,385,36801.55,2501.02,469,0.389,4,20,yes
CL21010,19,24,68779.76,987.56,672,0.475,1,19,no
CL21011,75,79,116175.48,8241.26,789,0.272,3,15,yes
CL21012,50,243,53398.48,19120.18,580,0.274,1,24,no
CL21013,67,324,62292.55,19548.15,646,0.396,3,14,no
CL21014,35,10,82651.84,27079.25,624,0.705,5,13,yes
CL21015,70,412,42701.61,1658.07,598,0.219,4,17,yes
CL21016,41,211,77390.0,10578.59,682,0.295,2,18,yes
CL21017,76,394,54534.05,7268.32,543,0.323,3,18,yes
CL21018,50,38,40733.02,8952.57,650,0.814,3,19,no
CL21019,58,205,44696.63,7757.78,706,0.426,5,19,yes
CL21020,30,156,16820.65,4630.8,641,0.406,2,13,no
CL21021,80,24,43540.8,500.0,570,0.318,1,11,no
CL21022,30,156,19059.36,37650.57,753,0.021,4,10,yes
CL21023,20,36,18372.84,14465.02,726,0.61,5,23,yes
CL21024,45,260,41639.12,1795.55,566,0.163,3,18,yes
CL21025,70,191,23124.89,17053.34,544,0.377,2,26,yes
CL21026,76,306,38055.42,5917.09,574,0.165,1,13,no
CL21027,71,174,40631.36,6113.05,709,0.608,6,21,yes
CL21028,52,173,41455.35,4090.09,685,0.525,5,23,no
CL21029,75,365,25416.28,18351.56,731,0.12,1,19,yes
CL21030,48,284,57205.6,3944.99,631,0.247,1,21,yes
CL21031,48,127,36674.76,2803.55,577,0.432,1,26,yes
CL21032,29,144,46559.39,36370.25,743,0.04,3,16,yes
CL21033,67,401,22283.51,8056.92,610,0.058,5,21,yes
CL21034,37,240,35233.5,8353.12,677,0.336,1,19,no
CL21035,30,37,62553.82,21945.86,521,0.556,5,16,yes
CL21036,41,288,59075.99,4592.94,609,0.362,1,21,no
CL21037,55,356,26667.96,5776.91,751,0.637,5,17,yes
CL21038,35,129,29866.68,14066.8,596,0.411,2,23,no
CL21039,40,276,24467.25,1681.46,733,0.348,6,17,yes
CL21040,38,252,28413.34,12762.47,450,0.6,3,16,no
CL21041,55,456,20341.52,4150.28,610,0.186,2,15,no
CL21042,62,182,35875.89,26470.69,645,0.536,2,16,no
CL21043,60,444,50762.45,18558.12,817,0.606,5,19,yes
CL21044,26,108,26815.25,15942.29,555,0.347,3,14,no
CL21045,39,264,36652.14,1559.31,720,0.111,3,11,yes
CL21046,58,263,34571.18,8787.59,755,0.031,5,18,yes
CL21047,31,134,61377.8,2555.86,595,0.259,4,24,yes
CL21048,22,60,28992.25,9486.32,626,0.31,4,14,yes
CL21049,38,252,29470.73,690.51,673,0.381,3,16,no
CL21050,60,242,26089.56,1682.51,527,0.381,1,19,no
CL21051,59,446,22882.34,38847.1,619,0.291,1,14,no
CL21052,26,108,48442.52,15129.64,775,0.242,1,20,no
CL21053,60,257,35925.41,6588.7,707,0.178,4,17,yes
CL21054,30,36,39130.77,3480.55,646,0.138,4,20,yes
CL21055,64,193,67750.59,2844.4,670,0.46,5,18,no
CL21056,53,267,69524.63,12458.76,712,0.61,6,24,yes
CL21057,25,53,18200.32,6666.32,730,0.202,2,19,yes
CL21058,40,78,51099.28,58609.04,610,0.552,6,17,yes
CL21059,69,284,42257.67,8002.6,798,0.301,6,21,yes
CL21060,45,120,31016.79,10588.55,778,0.578,4,26,no
CL21061,61,337,44243.23,2004.64,721,0.601,4,17,no
CL21062,65,221,17555.59,6536.75,584,0.431,2,22,no
CL21063,19,24,73731.77,12131.25,568,0.162,2,23,yes
CL21064,76,57,48133.07,6446.52,631,0.154,1,25,yes
CL21065,39,195,25865.39,5661.97,665,0.373,4,18,yes
CL21066,67,261,29335.84,14413.87,501,0.197,3,14,yes
CL21067,47,276,17740.12,56502.87,705,0.608,2,14,no
CL21068,54,130,33147.39,11692.64,776,0.299,1,19,no
CL21069,40,14,30723.12,36894.37,712,0.471,1,16,no
CL21070,71,449,21029.9,20228.4,599,0.466,4,16,no
CL21071,25,96,54150.15,34441.12,589,0.723,5,29,yes
CL21072,74,434,67816.36,4908.98,687,0.28,4,19,yes
CL21073,31,140,37710.27,7801.2,646,0.408,1,19,no
CL21074,73,290,33271.58,7838.56,700,0.462,1,22,no
CL21075,19,24,46431.95,18549.88,714,0.325,1,22,no
CL21076,18,12,37841.53,24619.02,758,0.338,5,25,yes
CL21077,23,3,23459.23,11427.92,558,0.253,5,20,yes
CL21078,52,226,28461.14,27125.04,680,0.499,2,19,no
CL21079,34,204,33409.77,5177.97,627,0.485,1,18,no
CL21080,55,349,42688.46,27396.87,651,0.487,2,16,no
CL21081,69,415,38338.18,31830.52,738,0.782,5,13,no
CL21082,19,24,41968.15,21571.34,748,0.487,1,10,no
CL21083,51,46,19222.32,11548.32,786,0.208,5,9,no
CL21084,64,4,51500.56,22478.66,698,0.363,3,13,no
CL21085,44,74,38236.17,3540.05,650,0.155,1,23,no
CL21086,76,28,120417.37,12433.09,637,0.287,6,14,yes
CL21087,59,215,32066.42,13982.85,504,0.756,4,15,no
CL21088,20,25,44159.19,2145.35,781,0.51,5,19,yes
CL21089,52,90,136372.94,17081.85,631,0.27,1,11,no
CL21090,42,202,41661.85,2353.97,706,0.791,3,26,yes
CL21091,26,108,37033.06,6050.49,721,0.151,4,14,yes
CL21092,77,324,24486.69,10360.18,548,0.392,4,16,yes
CL21093,32,28,75941.6,4271.21,577,0.655,1,21,no
CL21094,23,72,22661.08,10882.78,799,0.627,4,16,no
CL21095,32,180,46267.93,10684.41,686,0.198,6,16,yes
CL21096,69,168,30850.25,3853.71,608,0.235,5,19,no
CL21097,55,184,35059.39,19018.56,649,0.298,2,18,no
CL21098,69,408,20115.19,4110.17,758,0.323,6,13,yes
CL21099,47,224,69871.09,137471.31,744,0.529,5,25,yes
CL21100,25,96,33691.17,8726.32,528,0.24,1,15,no
CL21101,42,204,22097.28,2573.47,807,0.324,1,27,no
CL21102,30,33,67084.67,3190.74,747,0.28,6,17,yes
CL21103,53,74,30428.61,37038.66,646,0.471,2,15,no
CL21104,34,151,44381.29,6182.49,553,0.331,1,16,no
CL21105,79,106,55750.26,2062.49,755,0.33,3,17,yes
CL21106,41,168,47255.08,26417.18,703,0.7,4,17,yes
CL21107,37,32,15000.0,6136.99,529,0.13,4,12,yes
CL21108,80,293,52203.8,20982.26,639,0.217,4,20,yes
CL21109,50,56,36487.46,29024.66,850,0.451,6,16,yes
CL21110,28,105,32923.34,13570.22,661,0.215,5,15,yes
CL21111,48,372,36348.79,155638.84,593,0.335,1,24,no
CL21112,34,3,18499.25,1361.78,569,0.502,1,17,no
CL21113,63,135,41625.86,3863.61,819,0.553,1,18,no
CL21114,54,241,20661.43,7373.57,736,0.372,3,26,yes
CL21115,64,148,33569.46,133298.94,787,0.483,3,14,yes
CL21116,77,154,40958.68,78253.03,682,0.271,6,19,yes
CL21117,63,62,61902.55,43564.35,773,0.372,3,18,yes
CL21118,39,204,26401.45,3970.94,584,0.464,1,20,no
CL21119,30,156,73365.88,4540.8,675,0.503,6,19,yes
CL21120,51,283,58459.18,3816.76,686,0.455,2,20,no
CL21121,46,348,31469.23,4020.09,784,0.094,6,12,no
CL21122,37,240,23180.41,55083.76,689,0.474,5,21,yes
CL21123,69,380,19936.01,7477.6,604,0.79,6,19,yes
CL21124,75,208,43143.59,8706.08,666,0.54,5,16,yes
CL21125,42,295,27397.91,24113.93,509,0.183,1,18,no
CL21126,60,278,65493.79,1461.1,451,0.698,4,13,no
CL21127,80,391,28119.38,10514.84,735,0.495,3,14,no
CL21128,18,12,25455.78,2803.43,626,0.63,4,22,no
CL21129,40,195,42409.68,7054.51,636,0.271,5,13,no
CL21130,64,34,28036.96,5042.29,735,0.72,4,24,yes
CL21131,49,384,38324.61,4752.01,786,0.431,2,16,no
CL21132,67,210,59497.83,12828.43,708,0.487,6,21,yes
CL21133,47,360,40245.49,12764.15,834,0.236,4,12,yes
CL21134,22,60,40313.19,7686.39,705,0.338,6,19,yes
CL21135,45,1,41869.63,15158.05,687,0.679,2,17,no
CL21136,43,312,17820.51,3644.93,682,0.626,6,19,yes
CL21137,71,235,45539.12,21673.03,544,0.451,2,23,yes
CL21138,27,116,41026.32,7807.74,746,0.395,3,17,yes
CL21139,27,120,57056.87,5674.78,440,0.02,6,19,yes
CL21140,26,108,50142.03,3968.04,607,0.262,3,15,yes
CL21141,53,42,34860.97,7498.01,662,0.328,2,19,no
CL21142,80,292,60753.31,85070.46,589,0.312,6,19,yes
CL21143,56,407,33467.03,9202.12,619,0.328,6,17,yes
CL21144,69,42,42668.69,2654.3,826,0.294,2,21,yes
CL21145,71,4,33189.3,28471.02,759,0.135,2,18,no
CL21146,55,30,46994.74,5751.88,598,0.687,2,22,no
CL21147,56,351,32227.64,13716.06,618,0.356,1,13,no
CL21148,33,192,80129.41,4931.95,545,0.249,4,23,yes
CL21149,78,475,94637.89,43169.49,723,0.343,2,20,no
CL21150,67,14,56572.16,5017.19,638,0.284,6,18,yes
CL21151,72,232,76388.2,49391.65,483,0.153,2,15,no
CL21152,79,24,19098.28,2961.2,669,0.146,4,23,yes
CL21153,39,179,20138.33,7066.76,700,0.177,4,11,yes
CL21154,27,120,33034.17,49513.23,747,0.296,4,23,yes
CL21155,72,291,38892.39,12008.86,653,0.37,1,30,yes
CL21156,47,360,34919.71,134886.08,626,0.482,3,19,yes
CL21157,78,387,18233.92,7262.57,839,0.37,4,19,yes
CL21158,61,31,64101.07,13301.06,661,0.301,3,20,no
CL21159,34,116,100648.47,88514.5,725,0.303,6,22,yes
CL21160,40,132,67944.36,1735.39,611,0.37,4,13,no
CL21161,56,121,62223.34,1505.06,722,0.252,3,15,no
CL21162,42,170,42266.66,3964.62,529,0.342,1,17,no
CL21163,35,216,26125.08,25219.65,618,0.584,2,20,no
CL21164,31,168,39444.02,1554.13,551,0.457,3,11,no
CL21165,58,452,98470.73,19665.21,606,0.445,3,32,yes
CL21166,20,36,32584.94,18137.06,773,0.282,6,24,yes
CL21167,23,72,31109.52,100362.99,605,0.466,5,20,yes
CL21168,20,36,62836.2,32935.54,725,0.634,1,23,no
CL21169,64,181,64741.57,15042.85,797,0.74,4,18,yes
CL21170,19,24,26067.49,47240.31,658,0.509,3,18,no
CL21171,44,324,33939.4,18393.26,749,0.247,1,16,no
CL21172,25,96,30459.17,5830.86,708,0.477,4,22,yes
CL21173,55,85,39393.66,2653.68,670,0.384,4,14,no
CL21174,20,3,62734.01,5142.17,728,0.826,1,17,no
CL21175,19,24,26587.26,9451.37,826,0.471,3,22,yes
CL21176,43,306,62339.41,12103.76,603,0.22,5,19,yes
CL21177,61,284,39964.35,849.4,574,0.678,2,10,no
CL21178,24,84,108747.77,7688.69,568,0.512,3,21,yes
CL21179,49,12,44067.33,10227.84,749,0.025,1,26,yes
CL21180,69,210,36548.18,18576.79,762,0.506,2,24,no
CL21181,57,87,49445.27,64268.25,612,0.492,6,18,no
CL21182,65,162,32803.29,12252.7,468,0.769,4,25,no
CL21183,37,240,17019.71,3477.27,599,0.19,2,22,no
CL21184,77,133,34261.09,1223.18,709,0.378,3,19,yes
CL21185,27,120,34018.78,21808.66,654,0.284,2,15,no
CL21186,56,139,18647.31,3642.95,676,0.15,3,23,yes
CL21187,45,246,36943.1,26818.91,613,0.281,1,18,no
CL21188,20,36,15060.04,49366.79,751,0.608,4,29,yes
CL21189,77,185,32648.07,1676.25,691,0.4,4,13,yes
CL21190,62,61,42600.37,18713.05,713,0.749,4,12,yes
CL21191,32,180,39880.72,43761.77,674,0.137,3,17,no
CL21192,21,48,31730.03,31948.97,707,0.594,2,20,no
CL21193,60,309,36735.96,888.17,701,0.742,2,15,no
CL21194,52,358,26827.18,3708.19,576,0.268,2,7,no
CL21195,21,48,38363.72,2270.58,694,0.733,3,26,no
CL21196,80,19,39188.51,18069.73,731,0.336,3,14,no
CL21197,63,381,25460.6,15919.91,764,0.542,5,27,yes
CL21198,47,117,43064.95,500.0,697,0.618,1,15,no
CL21199,33,192,42944.06,7002.65,573,0.484,2,18,no
