id_cliente,eta,anzianita_anni,reddito_annuo_eur,saldo_conto_eur,num_transazioni_mese,num_prodotti,segmento
CL100000,30,4.8,18600.0,2421,54,3,giovani_digitali
CL100001,46,33.6,173700.0,40000,20,6,private_affluent
CL100002,55,17.1,76000.0,163450,6,7,private_affluent
CL100003,29,1.3,21100.0,3140,62,4,giovani_digitali
CL100004,29,5.0,21100.0,2327,42,2,giovani_digitali
CL100005,45,15.9,45600.0,5410,45,4,famiglie_mid
CL100006,32,4.4,19100.0,1312,62,1,giovani_digitali
CL100007,62,17.4,162900.0,80242,9,6,private_affluent
CL100008,31,4.8,28000.0,3080,63,1,giovani_digitali
CL100009,44,14.0,60900.0,40154,36,4,famiglie_mid
CL100010,25,4.2,29000.0,2956,65,3,giovani_digitali
CL100011,34,4.5,33400.0,1977,85,2,giovani_digitali
CL100012,21,5.6,30800.0,3599,49,2,giovani_digitali
CL100013,64,18.0,148900.0,107540,5,4,private_affluent
CL100014,51,4.1,80100.0,21988,29,4,famiglie_mid
CL100015,47,13.2,54800.0,19719,36,3,famiglie_mid
CL100016,37,0.8,21800.0,6416,71,3,giovani_digitali
CL100017,44,4.2,51600.0,16931,42,5,famiglie_mid
CL100018,30,0.6,32300.0,2457,71,2,giovani_digitali
CL100019,26,3.4,23300.0,3922,84,1,giovani_digitali
CL100020,31,3.1,32900.0,5243,70,2,giovani_digitali
CL100021,72,21.6,203400.0,86341,11,5,private_affluent
CL100022,69,19.2,70000.0,67849,12,3,private_affluent
CL100023,71,25.9,91600.0,61018,9,4,private_affluent
CL100024,52,15.6,42800.0,11906,28,3,famiglie_mid
CL100025,66,31.7,110000.0,435094,4,4,private_affluent
CL100026,24,2.9,26300.0,1590,76,2,giovani_digitali
CL100027,24,1.2,31800.0,2683,74,3,giovani_digitali
CL100028,47,26.5,161200.0,662025,10,5,private_affluent
CL100029,64,20.5,149200.0,125803,18,5,private_affluent
CL100030,56,26.7,109300.0,251483,18,8,private_affluent
CL100031,25,1.4,23400.0,3577,63,1,giovani_digitali
CL100032,27,4.4,28500.0,5172,48,2,giovani_digitali
CL100033,45,12.5,34400.0,24881,17,4,famiglie_mid
CL100034,26,2.3,38900.0,3317,92,2,giovani_digitali
CL100035,56,16.2,149700.0,127330,20,6,private_affluent
CL100036,31,2.0,25300.0,3392,82,1,giovani_digitali
CL100037,58,22.5,217800.0,208833,19,5,private_affluent
CL100038,66,21.4,183800.0,124068,9,5,private_affluent
CL100039,45,11.2,35800.0,5918,22,1,famiglie_mid
CL100040,43,7.3,41500.0,10227,41,6,famiglie_mid
CL100041,30,2.6,30400.0,574,25,3,giovani_digitali
CL100042,73,24.8,185700.0,210031,17,5,private_affluent
CL100043,78,28.8,181100.0,252338,12,6,private_affluent
CL100044,26,3.1,22700.0,3238,37,1,giovani_digitali
CL100045,26,0.6,26200.0,7176,68,1,giovani_digitali
CL100046,66,25.4,70000.0,211593,12,6,private_affluent
CL100047,24,2.9,15000.0,4580,56,1,giovani_digitali
CL100048,30,2.2,15600.0,1987,66,3,giovani_digitali
CL100049,68,13.0,107300.0,280098,13,4,private_affluent
CL100050,45,13.5,52500.0,5330,25,3,famiglie_mid
CL100051,44,10.5,50200.0,12182,36,3,famiglie_mid
CL100052,33,0.7,33400.0,2107,67,2,giovani_digitali
CL100053,59,13.6,99300.0,83626,2,5,private_affluent
CL100054,77,21.2,205100.0,81381,4,7,private_affluent
CL100055,43,8.4,69100.0,23249,38,4,famiglie_mid
CL100056,47,14.6,48200.0,23870,41,3,famiglie_mid
CL100057,24,5.2,32400.0,837,45,1,giovani_digitali
CL100058,31,3.5,34900.0,3961,64,2,giovani_digitali
CL100059,24,3.2,25500.0,2267,70,3,giovani_digitali
CL100060,26,1.9,34400.0,10194,65,3,giovani_digitali
CL100061,34,2.7,36000.0,1266,82,1,giovani_digitali
CL100062,49,15.1,52400.0,21295,46,4,famiglie_mid
CL100063,56,15.4,70000.0,284778,13,6,private_affluent
CL100064,50,20.8,169000.0,386943,17,4,private_affluent
CL100065,23,1.9,30100.0,3908,69,2,giovani_digitali
CL100066,62,10.7,138900.0,184979,2,5,private_affluent
CL100067,66,18.9,195300.0,58851,11,4,private_affluent
CL100068,25,0.4,36600.0,3551,79,2,giovani_digitali
CL100069,44,8.4,46200.0,10851,36,3,famiglie_mid
CL100070,43,10.9,54400.0,20122,32,4,famiglie_mid
CL100071,29,1.7,27300.0,3857,63,2,giovani_digitali
CL100072,59,23.5,98800.0,84346,3,4,private_affluent
CL100073,45,4.7,63200.0,7554,38,3,famiglie_mid
CL100074,75,21.7,239800.0,156964,5,6,private_affluent
CL100075,51,20.4,196900.0,252562,17,5,private_affluent
CL100076,41,16.5,58400.0,19456,44,5,famiglie_mid
CL100077,49,5.8,52100.0,30919,25,3,famiglie_mid
CL100078,72,28.1,218000.0,87647,15,4,private_affluent
CL100079,55,21.6,178800.0,63723,8,5,private_affluent
CL100080,37,16.4,46600.0,8675,34,4,famiglie_mid
CL100081,77,31.5,213700.0,207200,9,5,private_affluent
CL100082,49,26.0,172800.0,246435,3,3,private_affluent
CL100083,50,12.7,44200.0,10719,26,3,famiglie_mid
CL100084,30,6.1,29100.0,1108,66,1,giovani_digitali
CL100085,31,2.2,30600.0,3343,60,2,giovani_digitali
CL100086,35,3.3,26200.0,4825,86,2,giovani_digitali
CL100087,38,16.9,55200.0,18807,41,3,famiglie_mid
CL100088,36,12.1,47500.0,13122,26,2,famiglie_mid
CL100089,50,9.9,54900.0,5561,22,4,famiglie_mid
CL100090,40,11.6,62800.0,15429,42,2,famiglie_mid
CL100091,60,29.3,204000.0,219997,16,7,private_affluent
CL100092,21,2.6,29900.0,884,50,2,giovani_digitali
CL100093,45,9.2,40700.0,11189,38,3,famiglie_mid
CL100094,42,13.8,53300.0,7343,24,4,famiglie_mid
CL100095,52,14.2,37000.0,21214,39,5,famiglie_mid
CL100096,48,15.3,55800.0,9528,37,6,famiglie_mid
CL100097,31,1.0,15000.0,2811,56,3,giovani_digitali
CL100098,50,17.8,123200.0,103498,18,5,private_affluent
CL100099,26,3.7,31500.0,1785,47,2,giovani_digitali
CL100100,31,2.6,34500.0,2947,53,1,giovani_digitali
CL100101,59,12.0,49800.0,15061,47,4,famiglie_mid
CL100102,66,39.2,123900.0,183958,8,6,private_affluent
CL100103,56,7.2,61100.0,32929,31,4,famiglie_mid
CL100104,27,3.4,43600.0,2208,65,3,giovani_digitali
CL100105,60,30.0,159700.0,256517,11,3,private_affluent
CL100106,30,0.0,17900.0,4452,68,3,giovani_digitali
CL100107,32,14.8,41700.0,30063,39,4,famiglie_mid
CL100108,49,4.9,54800.0,12266,40,2,famiglie_mid
CL100109,70,9.0,140300.0,240951,20,4,private_affluent
CL100110,27,1.9,17400.0,2498,77,1,giovani_digitali
CL100111,57,19.0,96600.0,111967,11,6,private_affluent
CL100112,65,40.4,152700.0,46315,10,3,private_affluent
CL100113,65,24.7,87100.0,201603,14,5,private_affluent
CL100114,50,10.9,52700.0,12666,24,3,famiglie_mid
CL100115,37,6.7,47600.0,44671,27,4,famiglie_mid
CL100116,40,10.7,48100.0,7806,34,5,famiglie_mid
CL100117,32,0.6,32200.0,1953,71,3,giovani_digitali
CL100118,70,31.8,113500.0,398605,11,7,private_affluent
CL100119,61,17.9,143000.0,127619,7,7,private_affluent
CL100120,26,0.0,27000.0,4266,60,2,giovani_digitali
CL100121,25,2.5,20200.0,3371,68,2,giovani_digitali
CL100122,47,5.7,55000.0,21697,36,1,famiglie_mid
CL100123,49,23.3,114200.0,184918,19,3,private_affluent
CL100124,23,3.4,29400.0,1275,60,2,giovani_digitali
CL100125,22,4.0,22400.0,2527,72,2,giovani_digitali
CL100126,72,20.3,138800.0,239426,5,5,private_affluent
CL100127,38,15.6,34600.0,11790,17,3,famiglie_mid
CL100128,63,22.1,148400.0,73964,14,4,private_affluent
CL100129,59,33.5,117300.0,178293,9,4,private_affluent
CL100130,23,1.3,27700.0,1879,49,2,giovani_digitali
CL100131,65,16.5,137600.0,140330,9,7,private_affluent
CL100132,29,0.0,35500.0,3097,59,2,giovani_digitali
CL100133,26,4.2,40200.0,8344,48,1,giovani_digitali
CL100134,66,31.0,194700.0,77488,6,7,private_affluent
CL100135,31,4.1,24900.0,4436,77,1,giovani_digitali
CL100136,31,3.6,26000.0,3010,36,2,giovani_digitali
CL100137,26,5.2,26300.0,4321,59,2,giovani_digitali
CL100138,36,13.6,47300.0,6799,44,6,famiglie_mid
CL100139,31,3.1,34600.0,1784,56,3,giovani_digitali
CL100140,25,4.5,29200.0,1131,70,1,giovani_digitali
CL100141,41,9.1,48900.0,15463,21,5,famiglie_mid
CL100142,26,1.7,20500.0,3582,65,1,giovani_digitali
CL100143,30,2.6,22900.0,1853,27,2,giovani_digitali
CL100144,47,23.0,143100.0,89869,14,6,private_affluent
CL100145,28,2.0,23900.0,3683,73,2,giovani_digitali
CL100146,43,14.8,30000.0,14996,16,2,famiglie_mid
CL100147,50,15.7,144300.0,100961,12,4,private_affluent
CL100148,25,4.8,17000.0,763,59,2,giovani_digitali
CL100149,29,3.5,26900.0,3325,52,2,giovani_digitali
CL100150,67,18.4,235600.0,65620,8,6,private_affluent
CL100151,66,12.9,174800.0,89160,14,5,private_affluent
CL100152,47,10.2,46300.0,10647,24,4,famiglie_mid
CL100153,50,16.9,49900.0,9589,31,4,famiglie_mid
CL100154,61,21.8,109800.0,97158,14,6,private_affluent
CL100155,51,11.3,37100.0,7668,21,4,famiglie_mid
CL100156,33,3.3,24400.0,2868,48,2,giovani_digitali
CL100157,62,26.1,133300.0,283743,21,7,private_affluent
CL100158,29,3.1,32000.0,955,87,3,giovani_digitali
CL100159,30,2.8,32000.0,1892,39,2,giovani_digitali
CL100160,47,8.8,50600.0,18818,47,5,famiglie_mid
CL100161,42,23.1,49500.0,5503,53,4,famiglie_mid
CL100162,32,2.8,27600.0,1689,69,2,giovani_digitali
CL100163,60,20.6,70000.0,251751,16,7,private_affluent
CL100164,40,5.7,62500.0,8545,41,4,famiglie_mid
CL100165,25,5.4,26500.0,2590,69,2,giovani_digitali
CL100166,50,12.9,60700.0,19369,40,2,famiglie_mid
CL100167,41,11.0,49700.0,8671,36,4,famiglie_mid
CL100168,65,26.5,190600.0,821640,19,5,private_affluent
CL100169,43,10.0,40200.0,16029,30,5,famiglie_mid
CL100170,51,10.4,46900.0,10713,43,2,famiglie_mid
CL100171,45,5.1,54500.0,16315,30,6,famiglie_mid
CL100172,70,34.9,86000.0,86190,10,3,private_affluent
CL100173,59,18.2,129600.0,281930,11,5,private_affluent
CL100174,30,1.8,24100.0,1748,54,3,giovani_digitali
CL100175,26,2.6,28400.0,3472,69,1,giovani_digitali
CL100176,57,19.4,113500.0,83243,17,5,private_affluent
CL100177,31,1.4,34400.0,3530,113,1,giovani_digitali
CL100178,28,0.0,30700.0,632,66,2,giovani_digitali
CL100179,45,16.9,63900.0,17068,32,4,famiglie_mid
CL100180,31,3.9,24600.0,2137,66,3,giovani_digitali
CL100181,43,11.9,53400.0,10850,15,4,famiglie_mid
CL100182,69,17.5,126600.0,103677,11,7,private_affluent
CL100183,60,25.2,155900.0,249900,12,5,private_affluent
CL100184,55,19.7,162200.0,144852,21,4,private_affluent
CL100185,44,8.5,42200.0,13016,25,3,famiglie_mid
CL100186,52,17.9,60100.0,16080,56,3,famiglie_mid
CL100187,61,19.6,108700.0,587179,16,3,private_affluent
CL100188,34,13.9,33500.0,15428,37,3,famiglie_mid
CL100189,44,12.2,45000.0,15972,33,4,famiglie_mid
CL100190,75,30.6,152200.0,100725,24,4,private_affluent
CL100191,72,23.1,213200.0,121548,10,5,private_affluent
CL100192,27,3.0,22200.0,524,64,2,giovani_digitali
CL100193,38,7.4,43700.0,15195,30,2,famiglie_mid
CL100194,57,23.4,100700.0,52644,21,6,private_affluent
CL100195,47,10.0,44700.0,30112,13,3,famiglie_mid
CL100196,64,18.7,97100.0,51914,13,6,private_affluent
CL100197,43,4.2,44300.0,15187,34,4,famiglie_mid
CL100198,60,21.2,161800.0,81815,11,4,private_affluent
CL100199,29,5.2,32000.0,1428,20,3,giovani_digitali
CL100200,31,5.7,36400.0,1403,63,2,giovani_digitali
CL100201,62,16.3,73400.0,80453,18,7,private_affluent
CL100202,57,22.8,89700.0,133583,16,7,private_affluent
CL100203,34,1.8,40000.0,2834,74,1,giovani_digitali
CL100204,42,16.6,67900.0,32190,9,4,famiglie_mid
CL100205,42,11.9,36300.0,9981,41,5,famiglie_mid
CL100206,34,19.6,63700.0,8441,40,3,famiglie_mid
CL100207,46,8.9,46700.0,24643,37,4,famiglie_mid
CL100208,36,9.0,45100.0,20551,24,5,famiglie_mid
CL100209,67,15.3,169300.0,99176,16,5,private_affluent
CL100210,61,19.2,170200.0,77234,17,4,private_affluent
CL100211,59,10.7,128200.0,171288,19,6,private_affluent
CL100212,50,24.7,93200.0,156732,14,4,private_affluent
CL100213,28,4.2,32700.0,2151,80,2,giovani_digitali
CL100214,44,9.5,37800.0,12030,38,4,famiglie_mid
CL100215,24,3.5,23000.0,4977,78,1,giovani_digitali
CL100216,60,7.3,43800.0,10523,38,5,famiglie_mid
CL100217,27,1.2,33000.0,3193,46,2,giovani_digitali
CL100218,74,31.0,149000.0,148941,12,5,private_affluent
CL100219,28,2.0,36100.0,5830,48,2,giovani_digitali
CL100220,26,4.3,29600.0,2844,68,2,giovani_digitali
CL100221,59,8.7,197200.0,76074,14,6,private_affluent
CL100222,27,3.7,34500.0,1449,70,2,giovani_digitali
CL100223,32,8.9,47100.0,25227,18,3,famiglie_mid
CL100224,48,15.7,38300.0,14521,37,6,famiglie_mid
CL100225,58,14.6,133800.0,242199,21,3,private_affluent
CL100226,45,10.8,45400.0,5649,27,5,famiglie_mid
CL100227,38,12.3,46200.0,9994,39,4,famiglie_mid
CL100228,28,1.2,30300.0,1931,80,2,giovani_digitali
CL100229,39,18.8,58700.0,12212,28,4,famiglie_mid
CL100230,27,3.3,25900.0,1772,65,2,giovani_digitali
CL100231,55,15.2,163200.0,78129,16,5,private_affluent
CL100232,45,10.9,57800.0,5147,35,4,famiglie_mid
CL100233,62,17.2,185600.0,97397,22,7,private_affluent
CL100234,65,16.0,205700.0,118949,12,5,private_affluent
CL100235,25,0.4,30200.0,8363,91,2,giovani_digitali
CL100236,57,21.9,81500.0,91256,6,5,private_affluent
CL100237,46,8.4,41000.0,8584,52,3,famiglie_mid
CL100238,45,27.8,151100.0,113296,20,6,private_affluent
CL100239,55,4.7,55600.0,36478,36,5,famiglie_mid
CL100240,65,27.4,138700.0,65314,15,6,private_affluent
CL100241,32,11.2,53000.0,11156,37,4,famiglie_mid
CL100242,73,27.8,125400.0,107802,14,3,private_affluent
CL100243,28,4.6,27500.0,7123,54,2,giovani_digitali
CL100244,34,0.6,36700.0,2892,62,3,giovani_digitali
CL100245,43,12.7,50400.0,18356,37,4,famiglie_mid
CL100246,50,14.4,176500.0,62991,19,6,private_affluent
CL100247,80,20.9,98200.0,106499,16,5,private_affluent
CL100248,23,3.8,29100.0,2458,50,2,giovani_digitali
CL100249,26,2.1,30800.0,11267,88,2,giovani_digitali
CL100250,22,3.7,27500.0,2423,56,2,giovani_digitali
CL100251,27,1.4,19100.0,1683,33,2,giovani_digitali
CL100252,23,4.3,22600.0,5488,74,1,giovani_digitali
CL100253,68,24.3,144600.0,113768,11,5,private_affluent
CL100254,27,3.2,26200.0,926,45,1,giovani_digitali
CL100255,34,2.4,22900.0,2715,71,2,giovani_digitali
CL100256,42,2.0,38000.0,24673,35,5,famiglie_mid
CL100257,47,14.0,59600.0,27197,36,4,famiglie_mid
CL100258,24,5.0,36000.0,2821,69,2,giovani_digitali
CL100259,39,6.1,54000.0,8623,50,3,famiglie_mid
CL100260,41,11.4,36300.0,10447,41,2,famiglie_mid
CL100261,32,14.5,71000.0,8263,30,3,famiglie_mid
CL100262,63,20.9,116600.0,136433,10,5,private_affluent
CL100263,35,0.0,20700.0,1560,78,3,giovani_digitali
CL100264,36,10.4,58100.0,12599,37,6,famiglie_mid
CL100265,59,20.8,151100.0,170712,14,3,private_affluent
CL100266,54,17.6,36000.0,11149,21,2,famiglie_mid
CL100267,21,2.6,26100.0,1486,60,1,giovani_digitali
CL100268,33,3.2,15000.0,2367,72,1,giovani_digitali
CL100269,39,13.5,51700.0,12067,58,2,famiglie_mid
CL100270,44,2.0,52700.0,22768,39,4,famiglie_mid
CL100271,50,14.7,30000.0,19052,40,4,famiglie_mid
CL100272,23,2.9,26400.0,3377,81,2,giovani_digitali
CL100273,29,1.1,19100.0,2241,70,1,giovani_digitali
CL100274,48,19.9,46400.0,11323,33,3,famiglie_mid
CL100275,56,25.9,108600.0,223653,18,5,private_affluent
CL100276,67,21.9,142600.0,463252,12,7,private_affluent
CL100277,29,3.8,34500.0,3745,59,2,giovani_digitali
CL100278,31,7.4,34700.0,2694,54,1,giovani_digitali
CL100279,72,14.9,232000.0,167379,12,3,private_affluent
CL100280,68,20.3,145700.0,77403,20,5,private_affluent
CL100281,32,4.0,25600.0,1675,71,2,giovani_digitali
CL100282,63,9.7,160500.0,66367,6,6,private_affluent
CL100283,69,26.7,187900.0,80748,19,5,private_affluent
CL100284,35,7.9,45700.0,12894,48,3,famiglie_mid
CL100285,63,22.0,100200.0,165095,19,5,private_affluent
CL100286,49,18.6,53400.0,19960,28,1,famiglie_mid
CL100287,48,7.4,63300.0,20679,20,4,famiglie_mid
CL100288,30,6.8,32800.0,1906,65,1,giovani_digitali
CL100289,63,18.1,140400.0,120301,16,8,private_affluent
CL100290,42,14.3,70000.0,24638,39,3,famiglie_mid
CL100291,29,2.4,27200.0,7396,60,1,giovani_digitali
CL100292,48,15.7,62800.0,13184,30,4,famiglie_mid
CL100293,25,2.8,21600.0,1251,86,1,giovani_digitali
CL100294,32,3.4,21800.0,4077,99,3,giovani_digitali
CL100295,48,2.0,61700.0,12973,45,3,famiglie_mid
CL100296,61,19.0,144800.0,212370,14,4,private_affluent
CL100297,29,6.5,19300.0,2756,49,1,giovani_digitali
CL100298,63,21.0,154300.0,158320,21,5,private_affluent
CL100299,42,15.9,74700.0,8092,27,4,famiglie_mid
CL100300,24,4.1,20300.0,835,63,3,giovani_digitali
CL100301,65,30.3,118500.0,250593,20,4,private_affluent
CL100302,71,25.3,115600.0,194127,8,6,private_affluent
CL100303,74,26.9,215500.0,276313,18,3,private_affluent
CL100304,26,3.5,39600.0,3259,59,2,giovani_digitali
CL100305,52,2.3,38600.0,7093,43,3,famiglie_mid
CL100306,27,3.3,31300.0,1132,79,2,giovani_digitali
CL100307,53,12.8,60400.0,14125,18,3,famiglie_mid
CL100308,37,4.5,28300.0,3805,50,2,giovani_digitali
CL100309,34,3.7,18100.0,3086,85,2,giovani_digitali
CL100310,21,2.1,29800.0,1327,72,2,giovani_digitali
CL100311,64,14.2,83700.0,97407,26,7,private_affluent
CL100312,47,3.1,46200.0,10137,26,3,famiglie_mid
CL100313,61,23.0,152100.0,207647,20,6,private_affluent
CL100314,47,6.2,37600.0,28191,38,3,famiglie_mid
CL100315,31,2.5,19000.0,2359,89,2,giovani_digitali
CL100316,41,5.1,35400.0,17950,42,2,famiglie_mid
CL100317,29,5.4,31700.0,4030,37,1,giovani_digitali
CL100318,73,32.8,167000.0,169593,4,6,private_affluent
CL100319,55,18.8,135000.0,148193,12,5,private_affluent
CL100320,27,1.2,37800.0,1322,37,1,giovani_digitali
CL100321,49,13.6,48700.0,17187,33,3,famiglie_mid
CL100322,58,12.7,85000.0,207685,11,5,private_affluent
CL100323,56,20.4,175800.0,68509,19,6,private_affluent
CL100324,40,15.3,54000.0,14761,24,4,famiglie_mid
CL100325,47,22.0,46800.0,7517,27,3,famiglie_mid
CL100326,37,9.1,45400.0,6074,27,3,famiglie_mid
CL100327,48,16.2,66800.0,15482,32,3,famiglie_mid
CL100328,56,30.3,105800.0,113639,17,3,private_affluent
CL100329,28,1.7,16000.0,888,60,2,giovani_digitali
CL100330,46,17.1,54100.0,16459,40,3,famiglie_mid
CL100331,28,0.0,24800.0,2178,60,2,giovani_digitali
CL100332,40,3.9,23300.0,634,78,2,giovani_digitali
CL100333,47,10.0,48100.0,20662,64,1,famiglie_mid
CL100334,50,13.7,30000.0,13835,43,3,famiglie_mid
CL100335,60,16.2,141000.0,116248,24,5,private_affluent
CL100336,32,0.9,27800.0,2010,75,2,giovani_digitali
CL100337,29,3.7,26200.0,3718,71,2,giovani_digitali
CL100338,50,6.3,41400.0,13121,41,4,famiglie_mid
CL100339,56,5.1,63000.0,16443,37,2,famiglie_mid
CL100340,50,7.7,51000.0,29919,38,4,famiglie_mid
CL100341,67,19.4,175900.0,186087,16,7,private_affluent
CL100342,41,6.2,75700.0,18518,27,3,famiglie_mid
CL100343,27,3.6,30300.0,2457,39,2,giovani_digitali
CL100344,40,5.6,54200.0,13300,45,4,famiglie_mid
CL100345,66,29.3,99200.0,81269,21,5,private_affluent
CL100346,70,13.8,110200.0,198998,14,7,private_affluent
CL100347,25,1.4,24100.0,3456,93,2,giovani_digitali
CL100348,69,15.1,179200.0,187797,23,7,private_affluent
CL100349,52,11.8,54600.0,15893,25,4,famiglie_mid
CL100350,28,3.8,29400.0,4517,67,3,giovani_digitali
CL100351,48,8.9,58300.0,8846,41,1,famiglie_mid
CL100352,26,2.1,29200.0,7176,70,2,giovani_digitali
CL100353,59,26.8,70000.0,223112,20,3,private_affluent
CL100354,64,34.1,187100.0,137462,3,7,private_affluent
CL100355,27,3.9,21900.0,3327,21,2,giovani_digitali
CL100356,49,17.2,78400.0,63880,23,5,private_affluent
CL100357,50,14.8,47100.0,9551,31,5,famiglie_mid
CL100358,51,17.4,53000.0,8134,37,4,famiglie_mid
CL100359,68,14.0,70000.0,212717,15,6,private_affluent
CL100360,33,4.1,26900.0,994,56,2,giovani_digitali
CL100361,69,27.8,180800.0,212928,20,6,private_affluent
CL100362,23,3.4,17000.0,607,55,3,giovani_digitali
CL100363,29,3.6,26900.0,800,83,1,giovani_digitali
CL100364,54,17.6,50000.0,9411,38,3,famiglie_mid
CL100365,70,20.9,135300.0,134315,10,5,private_affluent
CL100366,24,2.4,26000.0,1369,52,2,giovani_digitali
CL100367,46,9.9,63300.0,14364,35,1,famiglie_mid
CL100368,44,20.5,49200.0,6548,26,2,famiglie_mid
CL100369,32,6.6,46700.0,5024,43,3,famiglie_mid
CL100370,63,25.6,118500.0,47325,2,5,private_affluent
CL100371,29,4.8,36000.0,621,67,1,giovani_digitali
CL100372,32,1.1,21600.0,4174,76,2,giovani_digitali
CL100373,48,11.0,64600.0,12680,39,4,famiglie_mid
CL100374,36,11.1,71200.0,25965,36,4,famiglie_mid
CL100375,43,23.6,50800.0,15008,42,2,famiglie_mid
CL100376,64,21.5,140000.0,351368,13,4,private_affluent
CL100377,58,15.3,145000.0,100237,24,4,private_affluent
CL100378,67,9.6,106700.0,62612,9,6,private_affluent
CL100379,71,16.0,172300.0,190002,15,6,private_affluent
CL100380,58,13.1,127500.0,166346,12,5,private_affluent
CL100381,47,7.1,55000.0,9866,55,5,famiglie_mid
CL100382,29,4.1,25300.0,5865,93,2,giovani_digitali
CL100383,69,17.4,201800.0,54240,16,7,private_affluent
CL100384,50,19.0,63800.0,20379,34,3,famiglie_mid
CL100385,48,13.2,57100.0,7991,62,1,famiglie_mid
CL100386,27,1.5,40500.0,1259,65,4,giovani_digitali
CL100387,53,12.1,44400.0,12960,40,2,famiglie_mid
CL100388,24,2.2,37400.0,1247,66,1,giovani_digitali
CL100389,68,9.6,128300.0,155300,19,5,private_affluent
CL100390,48,8.4,49000.0,23923,35,4,famiglie_mid
CL100391,59,18.4,115200.0,182354,6,6,private_affluent
CL100392,59,30.1,149100.0,166607,13,4,private_affluent
CL100393,56,14.3,48700.0,17962,16,2,famiglie_mid
CL100394,63,9.3,196400.0,78776,14,6,private_affluent
CL100395,64,21.4,175000.0,433513,12,4,private_affluent
CL100396,52,2.0,63100.0,16304,34,2,famiglie_mid
CL100397,55,32.5,136400.0,73701,15,6,private_affluent
CL100398,47,10.2,39500.0,12923,36,5,famiglie_mid
CL100399,66,28.0,117600.0,72431,17,5,private_affluent
CL100400,64,29.0,170100.0,152921,11,6,private_affluent
CL100401,71,17.2,118600.0,94842,17,5,private_affluent
CL100402,26,5.6,28600.0,1312,73,1,giovani_digitali
CL100403,29,2.3,30200.0,1117,72,2,giovani_digitali
CL100404,60,17.2,152000.0,327991,15,5,private_affluent
CL100405,71,20.1,201200.0,173018,14,3,private_affluent
CL100406,68,38.7,179000.0,313055,15,5,private_affluent
CL100407,35,11.9,69100.0,34485,23,5,famiglie_mid
CL100408,48,3.6,41900.0,26773,40,4,famiglie_mid
CL100409,24,4.3,31300.0,2039,72,2,giovani_digitali
CL100410,61,25.5,132200.0,86922,25,5,private_affluent
CL100411,46,3.8,51800.0,18166,31,5,famiglie_mid
CL100412,39,2.0,47500.0,15006,49,5,famiglie_mid
CL100413,65,27.2,186800.0,153812,8,6,private_affluent
CL100414,31,2.8,33400.0,2994,64,1,giovani_digitali
CL100415,47,18.6,46700.0,24653,36,4,famiglie_mid
CL100416,29,2.0,24800.0,3892,48,2,giovani_digitali
CL100417,56,10.3,114600.0,549005,14,2,private_affluent
CL100418,26,3.3,32900.0,4608,67,1,giovani_digitali
CL100419,49,27.8,221300.0,76832,16,6,private_affluent
CL100420,55,20.9,59500.0,17974,29,5,famiglie_mid
CL100421,38,7.7,53500.0,8445,42,2,famiglie_mid
CL100422,26,2.6,30100.0,1177,82,2,giovani_digitali
CL100423,24,4.2,22200.0,2304,60,2,giovani_digitali
CL100424,72,31.0,124100.0,146159,12,5,private_affluent
CL100425,48,12.1,38500.0,5730,40,4,famiglie_mid
CL100426,34,11.4,58900.0,9967,18,4,famiglie_mid
CL100427,40,12.9,53900.0,9511,22,2,famiglie_mid
CL100428,65,34.3,112700.0,91878,12,4,private_affluent
CL100429,69,23.9,137600.0,102230,10,5,private_affluent
CL100430,41,8.0,55100.0,9372,44,3,famiglie_mid
CL100431,23,2.9,28800.0,3868,71,2,giovani_digitali
CL100432,56,32.4,165600.0,56770,8,5,private_affluent
CL100433,47,8.0,58400.0,16871,43,4,famiglie_mid
CL100434,47,22.8,70000.0,122956,9,3,private_affluent
CL100435,29,0.8,35900.0,2706,64,2,giovani_digitali
CL100436,27,5.0,30600.0,3412,46,1,giovani_digitali
CL100437,70,18.2,141100.0,90498,17,7,private_affluent
CL100438,68,32.1,113400.0,150318,17,6,private_affluent
CL100439,27,1.5,30700.0,2181,90,3,giovani_digitali
CL100440,77,28.7,91600.0,67490,18,5,private_affluent
CL100441,28,6.2,25900.0,1993,67,1,giovani_digitali
CL100442,28,4.3,29100.0,6695,66,2,giovani_digitali
CL100443,31,4.5,25200.0,877,77,2,giovani_digitali
CL100444,50,13.6,64300.0,15533,37,4,famiglie_mid
CL100445,30,2.3,27000.0,1831,69,2,giovani_digitali
CL100446,55,5.0,30000.0,22913,54,2,famiglie_mid
CL100447,29,3.7,20900.0,2506,44,2,giovani_digitali
CL100448,47,18.0,42600.0,11031,57,1,famiglie_mid
CL100449,23,2.8,22700.0,3183,71,1,giovani_digitali
CL100450,28,3.0,23900.0,1039,69,1,giovani_digitali
CL100451,33,2.0,24400.0,2055,52,2,giovani_digitali
CL100452,30,1.7,19700.0,1307,83,2,giovani_digitali
CL100453,25,3.0,19300.0,6887,61,1,giovani_digitali
CL100454,19,3.1,29500.0,1323,72,1,giovani_digitali
CL100455,45,9.8,34300.0,16478,30,3,famiglie_mid
CL100456,54,12.0,262400.0,147606,24,3,private_affluent
CL100457,61,25.5,179200.0,295696,17,6,private_affluent
CL100458,53,11.0,52500.0,21690,27,3,famiglie_mid
CL100459,62,29.1,134700.0,104960,5,5,private_affluent
CL100460,22,3.3,33600.0,1526,81,3,giovani_digitali
CL100461,31,3.5,30100.0,2198,58,2,giovani_digitali
CL100462,53,8.7,37300.0,11008,44,5,famiglie_mid
CL100463,65,5.0,140800.0,144218,18,6,private_affluent
CL100464,48,8.4,45800.0,16692,42,4,famiglie_mid
CL100465,62,22.8,203000.0,89317,13,6,private_affluent
CL100466,28,5.4,26500.0,2531,44,2,giovani_digitali
CL100467,53,14.9,81300.0,270241,15,5,private_affluent
CL100468,62,15.7,172000.0,129883,18,5,private_affluent
CL100469,30,2.9,30000.0,3713,66,2,giovani_digitali
CL100470,65,29.6,70000.0,92509,12,6,private_affluent
CL100471,61,9.9,89100.0,201308,15,5,private_affluent
CL100472,41,13.3,57100.0,18742,34,3,famiglie_mid
CL100473,42,11.1,54700.0,16578,25,2,famiglie_mid
CL100474,33,12.6,46600.0,11750,23,5,famiglie_mid
CL100475,43,16.0,41700.0,12795,42,5,famiglie_mid
CL100476,44,13.2,50500.0,14104,35,3,famiglie_mid
CL100477,41,19.3,49600.0,18724,39,5,famiglie_mid
CL100478,32,17.0,34200.0,23537,28,3,famiglie_mid
CL100479,20,0.0,31100.0,1666,84,2,giovani_digitali
CL100480,50,23.5,55900.0,13571,30,4,famiglie_mid
CL100481,74,28.2,110500.0,199979,8,5,private_affluent
CL100482,63,18.8,182300.0,91660,12,5,private_affluent
CL100483,51,22.6,103400.0,125505,11,3,private_affluent
CL100484,26,5.6,36200.0,4759,71,3,giovani_digitali
CL100485,49,16.1,30000.0,22703,41,4,famiglie_mid
CL100486,67,24.0,171400.0,227155,19,4,private_affluent
CL100487,76,18.7,156900.0,124449,15,6,private_affluent
CL100488,66,26.0,137900.0,201424,5,6,private_affluent
CL100489,41,18.3,52800.0,14712,35,5,famiglie_mid
CL100490,43,11.3,52700.0,11015,28,5,famiglie_mid
CL100491,30,5.0,27600.0,5517,63,1,giovani_digitali
CL100492,30,0.4,16100.0,1409,72,2,giovani_digitali
CL100493,43,8.9,38200.0,8363,36,5,famiglie_mid
CL100494,37,7.7,57300.0,11719,37,4,famiglie_mid
CL100495,27,2.6,23000.0,2415,43,3,giovani_digitali
CL100496,64,15.1,209000.0,40774,17,6,private_affluent
CL100497,29,5.8,26000.0,864,78,2,giovani_digitali
CL100498,26,3.5,27200.0,1914,48,1,giovani_digitali
CL100499,58,28.5,171200.0,251278,21,6,private_affluent
CL100500,49,5.2,52000.0,20728,35,3,famiglie_mid
CL100501,35,11.1,46700.0,8878,30,5,famiglie_mid
CL100502,37,17.9,51500.0,14475,30,3,famiglie_mid
CL100503,22,3.0,18600.0,2884,70,2,giovani_digitali
CL100504,29,5.8,38300.0,5528,63,2,giovani_digitali
CL100505,75,17.9,113000.0,154135,19,4,private_affluent
CL100506,68,20.8,141600.0,136871,17,7,private_affluent
CL100507,42,10.6,39800.0,21453,48,4,famiglie_mid
CL100508,62,8.6,126700.0,238386,8,5,private_affluent
CL100509,51,16.8,75900.0,20492,21,1,famiglie_mid
CL100510,47,2.0,40800.0,32453,41,4,famiglie_mid
CL100511,57,13.6,50600.0,6764,29,4,famiglie_mid
CL100512,66,16.6,170100.0,167240,27,5,private_affluent
CL100513,54,5.0,51900.0,19393,26,4,famiglie_mid
CL100514,58,24.8,105500.0,445944,11,5,private_affluent
CL100515,36,4.7,15000.0,923,79,2,giovani_digitali
CL100516,29,3.3,18500.0,1420,64,1,giovani_digitali
CL100517,59,32.1,112900.0,150942,12,5,private_affluent
CL100518,25,1.2,29500.0,1231,62,2,giovani_digitali
CL100519,64,29.5,150400.0,187016,10,5,private_affluent
CL100520,60,23.2,111100.0,162776,4,4,private_affluent
CL100521,31,3.7,21300.0,2324,55,1,giovani_digitali
CL100522,30,2.5,26300.0,1504,56,1,giovani_digitali
CL100523,29,3.4,23500.0,1405,58,2,giovani_digitali
CL100524,31,1.7,26900.0,996,94,1,giovani_digitali
CL100525,67,21.6,136200.0,233848,11,5,private_affluent
CL100526,54,13.7,66600.0,18851,31,3,famiglie_mid
CL100527,23,3.8,23000.0,2161,70,2,giovani_digitali
CL100528,34,23.1,81100.0,20582,35,4,famiglie_mid
CL100529,22,5.6,39700.0,6639,79,2,giovani_digitali
CL100530,49,3.6,50100.0,8259,43,4,famiglie_mid
CL100531,50,6.5,56100.0,11039,43,4,famiglie_mid
CL100532,54,14.5,64700.0,16575,23,3,famiglie_mid
CL100533,53,17.1,165300.0,150173,7,3,private_affluent
CL100534,63,17.9,203000.0,67306,16,4,private_affluent
CL100535,64,20.2,233200.0,117728,12,4,private_affluent
CL100536,49,3.2,45000.0,16610,33,3,famiglie_mid
CL100537,42,10.4,63300.0,18421,28,3,famiglie_mid
CL100538,25,3.6,30000.0,3573,67,2,giovani_digitali
CL100539,69,31.9,178800.0,201313,21,6,private_affluent
CL100540,48,33.0,87100.0,132540,20,2,private_affluent
CL100541,27,1.4,24700.0,1359,96,2,giovani_digitali
CL100542,40,9.7,62200.0,7479,40,3,famiglie_mid
CL100543,24,5.1,29200.0,1726,49,1,giovani_digitali
CL100544,72,27.3,147400.0,55593,8,6,private_affluent
CL100545,30,3.7,29300.0,3984,68,2,giovani_digitali
CL100546,41,15.5,65600.0,5651,46,3,famiglie_mid
CL100547,30,1.9,33600.0,2026,54,1,giovani_digitali
CL100548,68,24.1,92000.0,61322,8,6,private_affluent
CL100549,58,32.3,217000.0,58985,14,6,private_affluent
CL100550,59,21.9,107100.0,101650,12,7,private_affluent
CL100551,38,6.2,39800.0,16634,63,5,famiglie_mid
CL100552,28,3.2,30200.0,2106,57,2,giovani_digitali
CL100553,44,19.6,53100.0,9889,48,4,famiglie_mid
CL100554,59,10.8,44300.0,5994,28,3,famiglie_mid
CL100555,39,13.8,57000.0,14846,42,3,famiglie_mid
CL100556,33,2.3,32500.0,3190,57,1,giovani_digitali
CL100557,56,13.1,53300.0,3217,32,4,famiglie_mid
CL100558,38,16.7,36100.0,10061,30,4,famiglie_mid
CL100559,47,2.0,56500.0,8126,32,4,famiglie_mid
CL100560,32,1.9,27000.0,2566,61,4,giovani_digitali
CL100561,51,29.7,120600.0,124308,18,5,private_affluent
CL100562,61,11.6,139900.0,100459,10,6,private_affluent
CL100563,69,22.7,122100.0,58644,17,7,private_affluent
CL100564,71,23.5,123600.0,127717,33,5,private_affluent
CL100565,42,19.2,58500.0,6984,27,4,famiglie_mid
CL100566,71,18.3,152200.0,185884,15,3,private_affluent
CL100567,35,0.9,37700.0,2229,58,2,giovani_digitali
CL100568,62,24.6,70000.0,79674,7,6,private_affluent
CL100569,58,21.6,120600.0,153441,11,6,private_affluent
CL100570,25,2.8,30000.0,5052,36,2,giovani_digitali
CL100571,56,20.3,144700.0,285094,2,3,private_affluent
CL100572,65,17.1,89200.0,129193,14,6,private_affluent
CL100573,40,11.5,57400.0,12712,47,4,famiglie_mid
CL100574,25,3.4,23000.0,2488,87,2,giovani_digitali
CL100575,47,2.0,50900.0,3434,37,4,famiglie_mid
CL100576,49,25.1,104400.0,110252,12,6,private_affluent
CL100577,24,2.8,27600.0,5166,89,1,giovani_digitali
CL100578,41,22.5,61900.0,21267,35,2,famiglie_mid
CL100579,27,3.1,29500.0,1153,87,3,giovani_digitali
CL100580,46,3.9,64100.0,12773,35,3,famiglie_mid
CL100581,52,19.3,118600.0,143086,8,5,private_affluent
CL100582,57,14.8,156900.0,89408,16,4,private_affluent
CL100583,42,11.5,38900.0,4963,39,3,famiglie_mid
CL100584,32,22.0,62200.0,11674,27,5,famiglie_mid
CL100585,26,5.3,25800.0,3193,65,1,giovani_digitali
CL100586,24,3.5,19000.0,2163,42,3,giovani_digitali
CL100587,47,13.7,39000.0,15558,32,3,famiglie_mid
CL100588,28,3.1,30600.0,5997,59,1,giovani_digitali
CL100589,49,20.7,126400.0,89044,9,5,private_affluent
CL100590,34,14.8,51100.0,6251,36,3,famiglie_mid
CL100591,32,18.8,45200.0,16076,51,3,famiglie_mid
CL100592,59,19.2,160400.0,155421,2,7,private_affluent
CL100593,29,2.7,22700.0,4802,52,2,giovani_digitali
CL100594,27,2.7,28600.0,1874,58,2,giovani_digitali
CL100595,23,3.5,25600.0,2874,50,1,giovani_digitali
CL100596,24,2.5,42500.0,1413,62,1,giovani_digitali
CL100597,54,12.5,51100.0,22833,32,4,famiglie_mid
CL100598,55,30.5,135700.0,178455,17,6,private_affluent
CL100599,27,4.3,23700.0,1315,63,2,giovani_digitali
