customer_id,age,employment_years,income,account_balance,credit_score,num_products,has_mortgage,mortgage_rate,digital_engagement,branch_region,churned
C100000,23,5,42938.84,43248.49,543.0,3,True,2.54,64.8,Center,0
C100001,65,11,43618.41,36027.86,577.0,4,False,,28.5,North,0
C100002,58,10,43003.47,,625.0,1,False,,22.2,South,0
C100003,45,14,47352.99,2971.57,703.0,4,False,,52.1,South,0
C100004,44,26,52710.46,27077.94,726.0,1,False,,67.8,North,0
C100005,71,10,,16257.54,652.0,4,False,,36.8,North,1
C100006,23,5,,47368.79,618.0,2,True,2.0,21.1,North,0
C100007,61,21,40972.42,45002.34,613.0,3,False,,46.1,South,0
C100008,30,12,,36569.3,594.0,2,True,2.58,26.0,South,0
C100009,23,5,,4634.58,582.0,3,True,5.24,68.6,North,0
C100010,50,15,46588.92,28796.2,556.0,5,False,,48.2,Center,0
C100011,78,10,59454.35,,594.0,5,False,,75.5,South,0
C100012,63,33,47911.51,33604.55,631.0,2,True,4.3,47.7,Islands,0
C100013,65,14,38503.63,68440.57,678.0,2,False,,50.8,North,0
C100014,62,11,46679.07,58363.83,656.0,3,False,,60.5,North,0
C100015,66,41,46865.5,35517.88,753.0,4,False,,72.4,North,1
C100016,49,21,74260.87,103713.18,611.0,1,False,,46.2,Center,0
C100017,25,2,,36933.62,490.0,4,False,,14.3,North,0
C100018,70,22,45426.55,39956.16,706.0,5,False,,52.0,North,0
C100019,45,20,64289.79,71551.02,532.0,5,False,,12.4,South,0
C100020,49,31,,,769.0,3,False,,66.1,Center,1
C100021,40,22,46111.75,,558.0,2,False,,48.7,North,0
C100022,29,8,37178.77,61873.04,665.0,2,True,4.26,60.9,North,1
C100023,75,6,50668.01,13565.51,583.0,4,True,3.21,1.4,North,1
C100024,66,27,,73299.9,761.0,3,True,2.79,30.9,North,0
C100025,57,2,43209.38,61858.73,804.0,1,False,,37.1,Center,1
C100026,42,14,50453.71,53917.74,520.0,4,False,,72.6,North,1
C100027,69,6,40928.26,37336.74,659.0,1,False,,64.8,North,0
C100028,51,0,48854.13,49436.16,509.0,5,False,,47.3,South,1
C100029,45,27,44889.81,18093.53,703.0,3,False,,83.1,South,1
C100030,45,4,39668.94,21453.63,597.0,2,False,,78.2,North,0
C100031,32,0,37494.07,,603.0,1,False,,54.5,Center,0
C100032,23,5,,30083.21,537.0,1,False,,64.5,North,0
C100033,52,8,40709.84,33314.54,668.0,5,False,,60.7,South,0
C100034,73,36,45648.47,20657.97,614.0,3,True,3.9,5.3,South,0
C100035,21,1,,43688.3,650.0,5,False,,61.4,Center,0
C100036,71,6,50605.18,39137.02,612.0,5,False,,32.1,Center,0
C100037,69,4,41747.18,35562.81,529.0,1,False,,83.9,North,0
C100038,35,17,45413.41,41603.04,749.0,2,False,,25.4,North,0
C100039,57,27,41625.69,13952.62,667.0,5,False,,42.3,Center,0
C100040,28,10,32284.33,48313.45,724.0,3,False,,50.6,North,0
C100041,65,10,44125.53,40745.42,707.0,3,True,2.71,54.9,South,0
C100042,61,3,62340.11,7896.76,604.0,3,False,,51.3,Center,1
C100043,39,21,43471.06,,654.0,4,False,,41.9,North,0
C100044,22,4,31691.11,59251.62,601.0,5,False,,21.1,Center,0
C100045,78,26,52226.11,65378.34,781.0,5,False,,15.2,South,0
C100046,45,27,34342.47,55663.41,682.0,4,True,3.92,34.7,Center,0
C100047,73,38,47696.52,74546.19,721.0,3,False,,47.0,Center,0
C100048,60,22,74730.0,59276.13,712.0,2,False,,14.1,South,1
C100049,66,0,49018.46,60248.01,615.0,1,False,,28.0,North,0
C100050,65,12,48518.18,51675.09,725.0,4,False,,24.4,Center,0
C100051,30,12,41460.29,25548.95,633.0,1,False,,14.4,Center,0
C100052,40,22,49763.7,25041.63,,4,False,,94.0,North,0
C100053,46,27,35053.27,7710.0,624.0,3,True,2.88,55.8,Islands,0
C100054,48,20,36796.07,48712.72,610.0,4,True,3.14,47.4,Center,0
C100055,20,2,33897.82,50337.78,509.0,5,False,,43.6,North,0
C100056,51,33,41866.56,59424.57,641.0,3,False,,3.9,North,0
C100057,27,9,49541.0,31381.12,731.0,3,False,,7.2,Islands,0
C100058,64,44,45883.48,22754.28,709.0,3,True,2.38,58.9,South,0
C100059,60,38,39260.12,35348.16,736.0,2,True,5.12,54.1,North,0
C100060,75,13,41301.46,42818.74,486.0,1,True,2.72,68.7,Center,0
C100061,64,11,37594.45,59293.74,657.0,1,False,,54.3,North,0
C100062,40,11,39645.56,71394.24,617.0,4,False,,36.5,South,0
C100063,77,41,46694.81,72135.17,687.0,5,False,,49.6,Center,0
C100064,43,25,39828.15,63690.44,673.0,1,True,2.33,16.5,North,0
C100065,38,20,51182.47,,643.0,2,False,,47.3,Center,1
C100066,74,43,,62704.14,621.0,4,False,,65.7,Islands,1
C100067,40,22,,2722.46,710.0,4,True,2.12,46.3,North,0
C100068,22,4,23929.53,2115.96,592.0,4,False,,35.2,North,0
C100069,47,29,49810.42,33179.64,673.0,4,False,,28.2,Islands,0
C100070,67,3,52782.26,30017.77,575.0,1,True,2.26,88.7,North,0
C100071,29,11,38787.97,8219.35,537.0,2,True,4.38,34.7,Center,0
C100072,46,28,53521.12,,710.0,3,False,,40.9,Center,0
C100073,26,8,,1616.7,694.0,1,False,,31.7,North,0
C100074,60,6,74978.57,130985.87,697.0,2,False,,54.4,North,0
C100075,47,14,38931.82,51747.54,550.0,2,False,,21.5,North,0
C100076,38,20,47172.44,48676.41,678.0,5,False,,27.2,North,0
C100077,32,14,29581.46,42382.16,611.0,2,False,,54.0,Center,1
C100078,52,5,41309.27,20870.63,667.0,5,False,,75.2,South,0
C100079,59,27,65410.99,82407.65,755.0,4,True,4.47,82.0,North,0
C100080,76,13,46223.87,15787.56,466.0,4,False,,46.5,South,0
C100081,45,9,51354.26,95007.07,678.0,5,True,2.8,6.5,Center,0
C100082,27,9,37269.39,26595.7,557.0,5,True,4.75,29.2,North,0
C100083,69,18,,20188.14,574.0,2,False,,58.0,Center,0
C100084,57,28,62935.87,77796.18,705.0,3,False,,62.6,North,0
C100085,61,14,46379.21,59423.02,672.0,3,True,2.12,31.4,Center,1
C100086,24,6,25717.03,20990.13,488.0,5,False,,36.6,North,0
C100087,37,3,35138.83,40446.99,,1,False,,63.3,South,0
C100088,65,38,52740.74,25935.3,766.0,3,True,4.21,11.4,Islands,0
C100089,69,1,51256.18,60052.98,628.0,2,False,,2.4,North,1
C100090,44,26,,20249.73,604.0,2,False,,13.9,Islands,0
C100091,67,15,43619.74,29366.87,586.0,4,True,5.48,20.8,North,0
C100092,70,17,44351.67,20708.77,713.0,2,True,4.85,16.5,North,0
C100093,42,0,39727.0,25622.03,509.0,4,False,,7.5,North,0
C100094,73,31,40918.22,25689.44,743.0,5,True,4.38,29.6,South,0
C100095,35,7,,21921.95,598.0,4,True,3.67,33.5,South,0
C100096,32,14,33248.71,8806.69,,1,False,,41.7,Islands,0
C100097,60,32,55071.49,,608.0,1,False,,29.1,South,0
C100098,57,38,55498.07,,717.0,3,False,,38.8,Center,1
C100099,26,8,33930.17,11201.47,645.0,3,False,,11.5,South,0
C100100,69,13,45418.47,62928.82,563.0,4,False,,50.6,Islands,0
C100101,30,12,37828.47,58549.96,656.0,3,False,,53.5,South,0
C100102,67,37,43176.07,34463.21,704.0,1,False,,62.6,Center,0
C100103,18,0,25109.89,41919.86,532.0,5,False,,31.7,South,0
C100104,67,5,42615.53,7863.44,669.0,5,False,,74.8,North,0
C100105,66,40,44072.47,14783.16,576.0,4,False,,52.5,Islands,0
C100106,66,6,41695.11,59844.29,639.0,4,False,,51.3,Islands,0
C100107,59,26,49255.2,70099.45,781.0,5,False,,46.1,South,0
C100108,47,10,51007.17,,733.0,3,False,,37.4,North,0
C100109,61,5,40230.85,414.51,636.0,1,False,,66.5,North,0
C100110,35,17,39195.65,55648.27,623.0,4,False,,28.7,Islands,0
C100111,66,6,46487.59,36237.89,590.0,3,False,,21.2,South,1
C100112,52,30,49420.22,25853.97,676.0,4,False,,10.5,South,0
C100113,46,28,43864.99,18792.55,,4,True,3.18,52.2,Islands,1
C100114,49,2,37956.04,,,3,True,4.25,60.2,Center,0
C100115,53,7,40422.07,11869.8,664.0,2,True,2.39,66.5,South,0
C100116,20,2,32477.69,54197.77,718.0,3,False,,16.1,North,0
C100117,26,8,,,627.0,4,False,,40.0,North,0
C100118,33,5,28702.87,29474.46,509.0,4,True,2.37,72.2,Center,0
C100119,25,7,,44036.05,531.0,3,False,,46.9,North,0
C100120,45,11,55851.18,89914.45,706.0,3,True,2.98,45.1,Center,0
C100121,59,0,,19462.66,610.0,5,True,2.04,71.7,South,0
C100122,58,40,52730.9,0.0,778.0,2,False,,30.9,North,0
C100123,47,0,40125.3,51054.11,568.0,1,False,,25.6,South,0
C100124,71,24,47160.81,33769.41,724.0,4,False,,62.7,North,1
C100125,53,35,39228.01,8082.51,676.0,5,False,,75.8,South,0
C100126,22,4,23479.79,14752.61,533.0,4,False,,39.0,North,0
C100127,65,26,57088.22,34517.38,675.0,3,True,4.85,16.4,South,0
C100128,53,17,41521.77,5667.48,574.0,2,False,,49.0,Center,0
C100129,57,5,45048.95,10655.25,742.0,3,False,,25.5,North,0
C100130,53,25,39982.03,,657.0,1,True,3.02,54.7,North,0
C100131,52,34,39451.9,,723.0,3,False,,19.6,North,1
C100132,23,4,32391.56,59124.89,,2,False,,38.0,North,0
C100133,52,34,42243.95,75792.07,626.0,2,False,,41.0,North,0
C100134,67,18,51096.76,21451.55,,3,False,,74.7,North,0
C100135,36,18,43235.3,50585.56,718.0,5,False,,68.8,South,0
C100136,55,7,50588.09,59948.62,607.0,2,True,3.08,29.6,North,0
C100137,19,1,33683.17,39245.36,538.0,5,False,,82.3,North,0
C100138,39,8,59267.52,17210.85,668.0,3,False,,20.5,North,0
C100139,45,12,37576.6,14665.58,655.0,5,True,3.68,67.7,Center,0
C100140,78,32,47612.11,13470.43,794.0,2,True,4.52,25.7,Center,0
C100141,31,2,48758.87,55543.14,644.0,5,False,,23.9,South,0
C100142,35,17,52432.31,77817.8,706.0,4,True,2.71,43.2,Center,0
C100143,43,25,35362.13,44827.44,696.0,4,False,,22.7,Center,0
C100144,79,5,45900.91,63262.68,555.0,3,False,,74.7,North,0
C100145,70,13,62846.88,,620.0,3,True,2.55,37.3,North,0
C100146,20,2,,45291.39,533.0,3,False,,56.5,South,0
C100147,32,14,39174.37,14804.19,553.0,5,True,5.43,35.5,North,0
C100148,68,43,46502.25,74747.2,,4,False,,55.2,South,0
C100149,21,3,30167.38,23907.47,605.0,1,False,,48.9,Center,0
C100150,71,8,50304.61,10626.09,645.0,4,True,4.54,35.7,Center,0
C100151,35,0,37278.27,37685.77,439.0,5,False,,27.4,Center,0
C100152,74,2,47700.5,76263.3,744.0,4,False,,23.9,Islands,0
C100153,36,18,40049.92,9333.63,591.0,3,False,,17.9,Center,0
C100154,44,7,38900.94,34009.04,738.0,2,False,,76.6,Center,0
C100155,59,10,52552.06,,563.0,4,False,,31.0,South,1
C100156,25,7,,15568.08,664.0,4,False,,12.7,Center,0
C100157,52,34,38327.4,13086.67,549.0,2,True,4.77,12.9,Center,0
C100158,49,31,47915.84,,715.0,3,False,,49.9,North,0
C100159,66,11,43444.62,,568.0,2,True,4.54,21.5,North,1
C100160,79,27,53003.42,16736.32,629.0,1,False,,66.1,South,0
C100161,59,27,48356.24,30875.1,602.0,1,False,,24.3,North,0
C100162,43,8,49563.08,23918.38,,1,False,,32.5,North,1
C100163,43,24,54752.42,15482.96,,3,False,,40.5,North,1
C100164,43,23,44101.14,37368.75,774.0,3,True,2.75,20.9,Islands,0
C100165,68,17,59550.14,74519.76,640.0,3,False,,56.2,Center,0
C100166,37,19,30229.88,40560.51,641.0,5,False,,57.4,Center,0
C100167,28,10,,49163.24,577.0,2,False,,69.2,Islands,0
C100168,38,20,43420.47,46510.37,,2,False,,41.5,North,0
C100169,19,1,,9616.01,577.0,2,True,4.28,51.0,South,0
C100170,24,6,27529.92,13760.13,618.0,2,False,,65.2,South,0
C100171,23,5,,52692.21,651.0,3,True,4.63,19.3,Center,0
C100172,65,12,49126.27,66711.38,708.0,2,True,4.54,83.4,South,0
C100173,62,34,47885.12,81555.35,650.0,2,False,,37.9,Islands,0
C100174,61,32,50260.32,,760.0,4,False,,74.5,North,0
C100175,46,28,54857.55,75499.0,697.0,5,True,5.3,13.0,North,0
C100176,62,6,39710.04,70346.7,595.0,2,True,5.14,52.4,South,0
C100177,27,9,44874.74,36497.3,590.0,1,False,,64.5,Center,0
C100178,73,41,48070.72,4832.22,685.0,2,True,3.83,32.9,Center,0
C100179,49,23,43893.23,11845.27,770.0,3,True,3.88,12.2,North,0
C100180,76,42,40598.45,11038.01,725.0,5,True,2.05,10.4,South,0
C100181,27,0,39668.01,11345.22,610.0,1,True,3.75,20.8,South,0
C100182,48,1,35041.27,19165.71,577.0,1,True,4.18,49.1,Islands,0
C100183,61,35,53734.21,,850.0,3,False,,78.2,Center,0
C100184,48,16,37380.17,48279.89,713.0,5,True,3.16,20.4,Islands,1
C100185,45,23,43908.36,46286.28,622.0,3,False,,5.1,Center,0
C100186,28,10,35012.17,12705.17,599.0,5,False,,33.8,Center,0
C100187,41,18,,83695.28,660.0,4,False,,24.0,South,0
C100188,32,14,36409.43,,637.0,1,False,,15.3,Center,0
C100189,36,4,35219.99,969.88,558.0,3,False,,16.2,Center,0
C100190,60,34,44760.89,23072.98,721.0,4,False,,72.1,North,0
C100191,57,39,61555.49,49045.51,828.0,3,False,,16.7,North,0
C100192,55,29,52593.14,15717.42,619.0,1,False,,71.0,South,1
C100193,40,17,38706.5,52278.87,572.0,1,False,,33.2,North,0
C100194,77,7,46380.58,,601.0,4,False,,52.3,South,0
C100195,23,5,25892.33,36159.73,558.0,3,True,2.61,26.9,North,0
C100196,39,21,43992.05,9264.98,780.0,3,False,,58.5,North,0
C100197,25,6,,,648.0,2,False,,22.1,South,0
C100198,39,16,47651.01,59958.18,,2,True,4.58,41.5,North,0
C100199,77,43,48989.05,25355.88,710.0,4,False,,20.3,Islands,1
C100200,40,11,77553.47,,685.0,1,True,5.09,29.2,Islands,1
C100201,74,8,41944.86,40614.65,537.0,3,True,3.69,42.1,Center,0
C100202,48,30,44126.28,34671.39,730.0,2,False,,73.1,Center,0
C100203,61,8,70570.31,24443.82,711.0,4,True,2.25,35.6,North,0
C100204,46,28,56326.18,51771.32,780.0,4,False,,39.8,South,0
C100205,34,16,34309.59,4092.92,616.0,3,False,,49.4,North,0
C100206,65,44,49761.06,10071.38,721.0,2,False,,23.4,Islands,0
C100207,78,41,48024.43,7798.09,729.0,2,False,,45.9,Islands,1
C100208,34,10,40800.77,65776.05,680.0,2,False,,42.3,North,1
C100209,66,9,43747.23,19671.24,542.0,2,False,,59.6,South,0
C100210,34,15,37919.27,28255.56,678.0,4,False,,25.9,Center,1
C100211,62,21,40197.33,20032.25,652.0,1,False,,32.1,Center,1
C100212,66,39,49040.42,64071.69,652.0,1,False,,66.4,North,0
C100213,45,27,47261.59,44737.93,557.0,3,False,,72.4,South,0
C100214,63,28,46438.97,,675.0,2,False,,19.4,North,0
C100215,34,16,,15693.21,708.0,5,False,,46.0,South,0
C100216,22,4,,20236.0,716.0,4,True,3.95,82.9,Center,0
C100217,23,5,36575.58,35174.67,627.0,4,True,2.61,71.7,Center,0
C100218,45,18,39111.49,31290.36,761.0,3,False,,49.6,Islands,0
C100219,73,23,46099.14,67359.27,667.0,3,True,4.5,36.7,South,0
C100220,25,3,27002.54,42858.06,639.0,3,False,,41.7,Center,0
C100221,46,28,38200.92,30332.85,639.0,1,False,,5.5,Center,0
C100222,61,29,44588.82,,651.0,3,False,,19.8,Center,0
C100223,30,12,49655.52,,609.0,5,True,5.35,62.9,North,0
C100224,62,24,44048.2,25541.99,544.0,2,False,,26.2,Islands,0
C100225,36,18,45098.54,40817.14,732.0,1,False,,32.4,North,0
C100226,68,42,44586.06,2563.45,676.0,3,True,4.44,24.9,Center,0
C100227,53,25,49061.68,76923.24,,2,False,,15.0,South,0
C100228,51,19,45210.15,14451.24,,4,False,,18.8,North,0
C100229,28,4,,25312.95,606.0,5,False,,42.2,South,0
C100230,46,28,40555.23,43758.11,777.0,5,False,,46.9,North,0
C100231,71,40,,6550.92,826.0,2,True,2.36,17.5,North,0
C100232,19,1,24697.45,1461.96,472.0,5,False,,25.4,Center,0
C100233,65,38,,57619.37,683.0,1,False,,22.6,Center,0
C100234,48,30,38221.17,5380.85,609.0,2,True,5.04,20.8,Islands,1
C100235,62,35,51391.01,42094.64,770.0,2,False,,30.3,Center,0
C100236,59,22,44990.54,22289.99,682.0,5,False,,55.3,North,0
C100237,44,4,79017.47,,650.0,4,False,,43.2,North,1
C100238,37,0,31687.17,16172.75,588.0,2,False,,30.9,North,0
C100239,56,9,49593.0,65847.76,613.0,1,False,,39.6,Center,1
C100240,26,8,28784.1,62043.74,694.0,4,False,,60.5,North,1
C100241,54,33,,19443.98,724.0,4,True,4.7,42.4,Center,0
C100242,23,5,34690.34,66586.52,642.0,5,True,5.28,52.9,Islands,0
C100243,58,1,38368.39,,439.0,3,False,,24.4,Center,0
C100244,56,9,49868.31,,638.0,1,False,,11.7,South,1
C100245,23,5,58297.82,72252.94,774.0,2,False,,4.0,North,0
C100246,64,44,45060.9,45640.4,800.0,4,True,3.14,23.4,South,0
C100247,43,16,44661.89,64479.89,538.0,2,False,,46.4,North,0
C100248,66,36,58125.37,56376.68,707.0,1,True,5.01,39.9,Center,1
C100249,20,2,31107.74,32074.05,515.0,5,True,3.26,10.7,North,1
C100250,29,11,,22620.11,715.0,3,True,3.31,16.7,North,0
C100251,48,30,35321.3,16457.0,680.0,2,False,,52.9,North,0
C100252,29,11,,53512.29,585.0,3,False,,35.4,North,1
C100253,38,17,39553.53,,644.0,4,True,5.01,48.1,South,0
C100254,58,28,42304.31,19355.55,518.0,1,True,2.04,83.8,North,0
C100255,26,8,,3869.89,547.0,3,False,,41.2,Islands,0
C100256,60,15,44341.22,26881.72,648.0,2,False,,28.5,Center,0
C100257,24,6,30690.26,36898.32,647.0,1,False,,35.1,North,0
C100258,28,10,41147.37,44960.86,511.0,1,True,3.58,37.9,North,0
C100259,54,26,40598.95,,643.0,3,False,,47.2,North,0
C100260,67,17,58416.29,11550.78,740.0,3,False,,41.1,South,0
C100261,28,10,28693.61,20464.17,515.0,3,False,,82.3,North,0
C100262,36,0,35379.05,18337.79,605.0,4,True,2.32,30.6,South,0
C100263,75,27,73119.48,,738.0,3,False,,89.2,North,0
C100264,79,25,59485.89,63528.22,804.0,3,True,2.57,42.2,North,0
C100265,54,36,48296.51,42224.57,693.0,5,True,3.06,17.3,North,0
C100266,45,22,38114.17,40900.77,641.0,4,True,2.04,17.7,South,0
C100267,39,21,37435.61,66704.6,699.0,5,False,,49.3,Center,0
C100268,55,3,48559.14,,545.0,2,False,,24.3,Islands,0
C100269,54,8,47838.31,41485.15,622.0,4,False,,66.9,North,0
C100270,36,15,38808.43,34892.09,608.0,4,False,,18.7,North,0
C100271,19,1,31585.08,6385.3,577.0,3,False,,10.7,South,1
C100272,27,9,,61328.39,661.0,1,True,3.69,15.1,Center,1
C100273,77,17,40694.55,25680.69,677.0,3,False,,66.3,South,0
C100274,43,25,39305.94,26428.09,616.0,5,True,3.95,12.8,Center,1
C100275,47,5,53143.6,95645.03,647.0,4,False,,55.8,South,0
C100276,46,14,36894.4,52730.24,718.0,1,True,4.57,56.9,North,0
C100277,66,7,46687.05,5978.61,581.0,2,False,,71.8,Islands,0
C100278,22,4,28311.18,0.0,595.0,3,False,,62.2,North,0
C100279,23,5,,6280.79,590.0,5,True,2.16,29.2,South,0
C100280,35,2,36438.67,44414.32,594.0,3,True,2.03,48.2,North,0
C100281,48,15,61608.61,16532.88,583.0,5,False,,55.6,South,1
C100282,59,1,52302.29,,712.0,4,True,3.13,65.9,South,0
C100283,48,30,37993.18,62569.68,625.0,2,True,2.48,7.8,South,0
C100284,45,27,49475.4,46841.42,748.0,1,True,3.81,15.8,Center,0
C100285,76,10,43374.95,,594.0,5,False,,27.4,Center,0
C100286,27,8,31776.91,21078.28,566.0,3,False,,33.8,South,0
C100287,53,4,49626.58,7555.22,702.0,5,True,2.2,73.3,Center,0
C100288,51,21,43043.84,63814.82,718.0,5,False,,45.7,Center,0
C100289,47,29,52880.66,10024.01,711.0,3,False,,36.8,North,0
C100290,68,26,,7728.84,717.0,1,True,3.67,45.9,Center,0
C100291,34,16,34705.06,30014.36,612.0,5,False,,50.6,North,0
C100292,77,15,43961.41,9670.66,645.0,3,False,,41.4,South,0
C100293,38,12,36787.87,29033.06,584.0,1,True,3.19,59.7,North,0
C100294,51,21,,76107.51,741.0,3,True,3.23,24.6,Center,0
C100295,50,9,51279.61,75759.79,603.0,1,True,3.19,56.4,South,0
C100296,70,43,68866.7,63906.91,850.0,2,True,3.71,9.5,Center,1
C100297,45,8,76649.85,113484.34,674.0,2,False,,24.4,South,1
C100298,35,17,33228.77,26031.51,630.0,3,False,,85.5,North,0
C100299,19,1,32337.31,48110.58,633.0,3,False,,56.3,Center,1
C100300,40,2,,34770.7,596.0,5,True,2.51,69.3,Center,0
C100301,69,21,43360.78,26424.22,641.0,2,True,3.96,48.6,Center,0
C100302,18,0,27447.02,45190.8,573.0,4,False,,50.6,South,1
C100303,73,11,42119.36,18612.38,685.0,5,False,,62.4,North,1
C100304,51,5,40341.03,7455.25,573.0,4,True,2.38,35.7,Center,1
C100305,26,2,33940.52,15762.96,585.0,2,False,,25.9,North,0
C100306,36,0,32941.79,23048.75,587.0,4,False,,21.9,Center,1
C100307,52,21,54529.98,36564.58,733.0,2,False,,52.4,South,1
C100308,37,4,34614.57,45544.58,593.0,3,False,,10.1,North,0
C100309,24,6,83346.49,122260.52,810.0,4,False,,49.4,Center,0
C100310,59,11,45072.67,24965.59,628.0,2,True,3.76,71.0,Center,0
C100311,59,29,48549.52,,675.0,1,True,3.11,21.1,South,1
C100312,25,7,27702.24,14882.95,583.0,5,False,,31.4,North,0
C100313,35,17,59794.28,,603.0,4,True,2.66,47.1,Center,0
C100314,33,15,49478.84,22270.67,594.0,1,True,2.77,16.4,South,0
C100315,58,4,50379.67,13664.38,599.0,2,False,,41.3,Center,0
C100316,63,10,41019.39,37823.92,695.0,2,False,,50.8,South,0
C100317,63,11,49650.92,61117.03,645.0,5,False,,34.0,North,0
C100318,76,6,41859.92,60273.11,590.0,5,False,,53.4,Islands,0
C100319,65,13,64510.61,,755.0,4,False,,66.6,North,0
C100320,37,14,47398.91,66155.28,743.0,3,True,5.06,18.1,North,0
C100321,24,6,,27959.41,680.0,1,False,,54.7,Center,0
C100322,56,13,38148.16,9712.41,578.0,2,False,,33.7,Center,0
C100323,74,39,42428.52,6465.62,673.0,1,False,,43.2,Center,1
C100324,78,34,54151.93,3726.61,822.0,4,True,2.16,18.5,North,0
C100325,32,14,50332.11,24436.55,,1,True,2.31,48.0,North,0
C100326,32,4,48888.73,50401.56,612.0,4,False,,29.3,South,0
C100327,20,2,24465.78,18518.09,617.0,5,True,3.22,41.6,North,0
C100328,26,8,37369.83,41877.48,675.0,2,True,2.85,33.9,South,0
C100329,52,34,56654.23,44806.45,684.0,4,False,,46.3,Center,0
C100330,51,15,38216.42,56790.91,647.0,5,False,,68.6,North,0
C100331,40,22,41201.77,47791.96,713.0,3,True,2.42,59.3,South,0
C100332,37,19,42081.31,27802.91,582.0,3,True,3.07,57.2,South,1
C100333,69,3,45972.87,35927.21,620.0,2,True,3.65,36.9,South,0
C100334,46,18,35423.77,33845.32,569.0,3,False,,36.8,North,0
C100335,68,6,45818.65,48307.39,568.0,5,False,,7.2,Center,0
C100336,77,42,45808.78,29983.97,683.0,4,True,2.35,33.6,Islands,0
C100337,37,13,38864.84,39998.03,659.0,2,False,,56.0,Center,0
C100338,30,10,33199.54,43996.94,592.0,3,True,4.2,71.7,North,0
C100339,77,24,45120.77,62203.73,631.0,4,True,4.83,63.4,North,1
C100340,57,19,47721.13,21756.6,666.0,1,True,4.28,10.0,South,0
C100341,36,4,43140.53,38499.63,547.0,4,False,,15.3,South,0
C100342,56,36,45950.08,69382.89,728.0,2,True,3.47,32.5,Islands,1
C100343,49,31,42614.68,12190.4,751.0,2,True,3.71,76.3,Islands,0
C100344,74,33,48705.86,68187.58,695.0,3,False,,10.6,North,1
C100345,33,15,29394.77,19098.05,604.0,3,False,,47.7,Center,1
C100346,79,18,52017.73,51057.87,691.0,5,True,3.79,37.3,North,0
C100347,76,24,48005.59,26179.33,554.0,2,True,2.72,46.4,North,0
C100348,29,11,36604.6,2588.26,653.0,2,True,2.9,47.6,North,1
C100349,28,7,45161.07,78064.36,814.0,2,False,,16.7,Islands,0
C100350,51,3,37413.99,31491.25,595.0,5,False,,23.2,North,1
C100351,20,2,23411.53,43895.68,565.0,5,True,3.46,47.0,Center,0
C100352,36,18,41630.98,20206.61,693.0,3,False,,37.2,Center,0
C100353,44,7,43007.54,61106.71,722.0,4,False,,54.9,North,0
C100354,78,4,49320.55,81912.52,687.0,5,True,4.46,33.1,Center,0
C100355,79,38,45011.27,47267.3,576.0,5,True,3.97,77.1,North,0
C100356,27,9,41302.47,16619.18,659.0,4,True,4.43,37.8,North,0
C100357,73,26,56963.59,78190.88,850.0,3,True,2.0,63.9,Center,1
C100358,23,5,37684.22,34686.66,,5,False,,21.2,South,0
C100359,64,33,46224.32,80410.67,626.0,2,True,4.44,25.6,South,0
C100360,70,33,38841.32,33229.22,697.0,2,False,,51.5,South,0
C100361,73,13,55045.71,22847.88,586.0,4,False,,34.3,North,1
C100362,31,13,50009.06,10162.28,726.0,1,False,,42.2,North,0
C100363,73,16,53694.0,69200.09,610.0,3,False,,94.7,Center,0
C100364,25,7,29385.4,61506.36,601.0,5,False,,51.8,Islands,0
C100365,50,18,51752.69,10565.29,617.0,1,False,,38.0,North,0
C100366,47,4,52495.96,62701.08,602.0,5,False,,54.4,North,0
C100367,37,19,58037.59,81705.89,773.0,3,False,,51.1,Islands,0
C100368,19,1,26701.41,9729.92,582.0,5,True,2.22,52.2,Islands,0
C100369,65,34,46445.22,12862.14,664.0,4,False,,32.0,North,1
C100370,38,1,47150.81,65886.18,548.0,1,True,3.85,28.2,South,0
C100371,59,9,48438.3,53796.86,527.0,4,False,,13.9,Center,0
C100372,43,25,36476.21,9666.64,580.0,1,False,,23.5,Center,0
C100373,41,23,45131.61,72764.06,674.0,2,False,,39.3,Center,0
C100374,72,18,53016.14,50239.15,730.0,5,False,,52.9,Islands,0
C100375,23,5,34271.95,54152.19,567.0,5,True,2.87,70.6,North,0
C100376,63,10,49724.68,,739.0,1,False,,3.1,South,1
C100377,64,40,46237.84,,669.0,2,True,2.62,7.0,North,0
C100378,41,23,58473.28,,,1,False,,9.0,Center,0
C100379,34,4,33340.6,22470.75,532.0,2,False,,65.2,South,0
C100380,18,0,27671.84,,,5,True,3.05,53.2,South,0
C100381,76,11,48090.69,6408.84,770.0,1,False,,37.9,Islands,0
C100382,76,8,,78590.59,547.0,4,True,2.82,30.2,South,0
C100383,32,14,30163.16,6863.15,595.0,5,False,,53.1,South,0
C100384,19,1,24948.57,21332.81,648.0,5,False,,24.5,North,0
C100385,25,7,,4579.55,502.0,2,False,,11.3,Islands,0
C100386,22,4,,20683.53,631.0,4,False,,75.3,Center,0
C100387,69,18,41872.32,18773.98,722.0,3,False,,40.6,Center,0
C100388,73,2,,52379.48,621.0,1,False,,21.3,Center,1
C100389,27,9,41270.99,59129.78,658.0,2,False,,31.5,North,1
C100390,64,8,44037.66,9567.79,734.0,4,False,,60.3,Center,0
C100391,29,11,,,741.0,4,False,,52.3,North,0
C100392,40,22,39231.75,70735.58,,3,False,,23.4,North,0
C100393,55,31,53984.82,36073.51,674.0,4,False,,23.7,Islands,1
C100394,62,6,51999.53,,584.0,4,True,4.42,68.1,Islands,0
C100395,72,38,43781.05,27453.19,761.0,2,True,3.07,48.5,Center,0
C100396,20,2,31076.24,8898.47,505.0,2,True,5.11,51.6,Islands,1
C100397,30,12,47119.64,43698.04,629.0,5,True,3.44,23.2,Center,0
C100398,35,17,42236.71,17773.12,,5,False,,9.5,North,0
C100399,37,15,32746.07,49248.61,593.0,1,True,5.2,29.6,Islands,0
C100400,79,24,53810.19,,704.0,4,False,,38.5,Center,0
C100401,66,23,42007.42,59622.18,815.0,1,True,5.38,55.9,South,0
C100402,37,19,55603.15,56470.39,671.0,5,True,2.23,38.9,Center,0
C100403,78,11,58114.75,59671.72,638.0,3,False,,4.6,Center,1
C100404,48,14,47168.96,,710.0,4,False,,50.4,North,0
C100405,49,11,46516.48,14805.96,655.0,4,False,,38.7,Islands,0
C100406,44,13,41608.79,2954.76,722.0,4,False,,18.2,North,0
C100407,26,7,41003.1,33534.03,,2,False,,47.8,Center,0
C100408,75,1,45545.14,24573.8,599.0,5,False,,84.1,North,0
C100409,18,0,,17459.85,479.0,3,True,2.78,64.4,Center,1
C100410,28,3,44080.9,0.0,518.0,3,True,4.44,68.3,North,0
C100411,32,14,34108.52,34312.75,513.0,2,False,,21.4,South,0
C100412,35,0,35169.47,9229.45,613.0,1,False,,46.1,Center,0
C100413,26,8,28526.42,6872.88,515.0,3,False,,5.8,North,0
C100414,19,1,25889.36,10370.52,650.0,2,False,,34.0,North,0
C100415,60,23,39537.24,30461.61,658.0,4,True,2.47,40.7,North,0
C100416,78,12,54608.41,,645.0,2,False,,49.9,South,1
C100417,25,7,,33498.35,601.0,5,False,,51.2,South,0
C100418,36,18,55358.66,61762.93,713.0,4,False,,48.4,North,0
C100419,49,23,37412.45,46162.73,604.0,3,True,5.44,23.7,Center,0
C100420,75,17,54553.88,35667.93,612.0,4,False,,28.9,North,0
C100421,61,24,63856.85,,779.0,4,True,4.95,37.7,South,0
C100422,65,37,45041.62,61993.75,724.0,4,False,,38.0,Islands,0
C100423,54,19,48326.34,,650.0,3,True,5.34,90.1,South,0
C100424,43,16,33677.8,0.0,666.0,5,False,,59.9,North,0
C100425,30,5,38870.73,6328.63,611.0,2,True,2.65,24.6,Center,0
C100426,71,16,42093.1,73507.24,667.0,3,False,,53.1,Islands,0
C100427,67,5,49560.18,,583.0,2,False,,5.8,North,0
C100428,19,1,24110.9,51026.15,695.0,3,True,3.75,37.8,South,0
C100429,62,42,52658.01,77228.73,696.0,5,False,,19.2,Islands,1
C100430,23,4,43720.09,4718.03,711.0,4,False,,41.3,South,0
C100431,63,21,43334.12,68725.97,,2,False,,41.9,Center,0
C100432,69,37,41798.75,28907.88,745.0,5,True,4.96,55.5,Center,1
C100433,26,8,25681.37,33820.19,635.0,4,False,,48.5,Islands,0
C100434,44,6,41238.82,,686.0,3,False,,3.7,North,0
C100435,25,7,,17084.55,549.0,1,False,,12.4,Islands,0
C100436,53,16,39442.7,46342.69,703.0,3,False,,33.0,Center,0
C100437,75,24,51789.83,77975.11,794.0,5,False,,47.0,South,0
C100438,23,5,30680.78,38722.17,578.0,3,True,4.04,29.1,Islands,0
C100439,42,9,36193.42,24697.15,617.0,1,False,,36.8,Center,1
C100440,78,7,44497.62,23575.57,595.0,1,True,2.86,31.4,North,0
C100441,36,11,50181.94,87924.7,627.0,5,True,4.01,35.8,North,0
C100442,26,8,,29549.57,723.0,3,True,4.14,37.6,South,0
C100443,48,1,43937.68,36128.41,550.0,4,True,3.92,2.0,Center,0
C100444,49,17,50729.25,63473.29,607.0,2,False,,68.1,North,0
C100445,59,5,41705.05,33682.12,713.0,1,False,,21.5,South,1
C100446,37,7,40149.71,35799.66,655.0,3,True,3.78,27.9,Islands,0
C100447,77,41,49137.29,41929.85,848.0,4,False,,68.5,South,0
C100448,50,0,42717.43,57548.5,578.0,2,False,,16.6,Center,0
C100449,35,14,42625.09,64139.71,648.0,4,False,,14.6,Islands,0
C100450,77,41,43347.25,67816.62,670.0,3,False,,50.2,South,0
C100451,75,27,52333.75,53215.78,701.0,2,False,,23.6,North,0
C100452,48,3,49597.38,46924.58,520.0,2,False,,39.7,Islands,0
C100453,19,1,,30344.86,606.0,2,False,,31.7,Center,0
C100454,55,37,60360.84,,753.0,2,False,,60.8,Islands,0
C100455,52,18,35799.39,32347.83,633.0,4,True,4.97,14.2,South,0
C100456,27,9,31570.22,38017.99,582.0,2,False,,55.3,Center,0
C100457,57,23,58130.87,81263.21,640.0,4,False,,45.7,North,0
C100458,70,29,45870.44,54190.46,728.0,2,False,,26.9,North,0
C100459,24,6,26664.6,35096.73,518.0,2,False,,2.0,North,0
C100460,62,37,41970.58,,727.0,5,False,,15.8,South,0
C100461,26,8,,40977.46,755.0,5,False,,4.8,South,0
C100462,64,6,39293.26,44355.11,703.0,3,False,,52.6,North,0
C100463,43,25,54108.25,13602.4,600.0,2,False,,47.4,North,0
C100464,18,0,30960.92,,550.0,4,False,,80.2,South,0
C100465,77,33,41583.93,53179.35,711.0,1,False,,41.9,North,0
C100466,28,10,32194.24,13083.93,605.0,3,False,,14.3,North,0
C100467,54,21,41835.22,54906.52,572.0,3,False,,46.3,North,0
C100468,29,11,44463.24,53136.19,660.0,4,True,3.3,40.7,Center,0
C100469,75,6,54636.96,,644.0,1,False,,47.1,Center,0
C100470,63,37,39839.86,26261.97,807.0,1,True,3.36,37.1,South,0
C100471,67,41,45350.27,,698.0,2,False,,60.3,North,0
C100472,44,26,38010.27,,731.0,1,True,3.94,24.2,North,1
C100473,46,15,57812.47,68127.36,,3,False,,45.1,South,0
C100474,57,25,41007.85,5686.44,603.0,5,False,,27.5,Islands,0
C100475,66,2,66933.97,77843.66,702.0,2,True,5.26,32.8,North,1
C100476,70,41,47767.31,52684.58,783.0,3,False,,29.8,South,0
C100477,19,1,25501.08,27488.29,516.0,2,False,,40.0,South,0
C100478,59,2,43854.97,41534.52,614.0,1,True,3.09,44.0,Islands,0
C100479,24,6,,44182.4,511.0,4,False,,48.0,Center,0
C100480,35,17,32277.35,51146.88,616.0,2,True,4.7,30.0,North,0
C100481,69,28,48724.99,34109.04,738.0,3,True,5.41,38.0,North,0
C100482,33,2,31549.79,58519.84,562.0,4,True,2.06,33.7,South,0
C100483,67,33,38677.09,45560.89,665.0,5,False,,16.0,South,0
C100484,46,28,41441.95,,605.0,1,False,,25.2,Center,0
C100485,32,14,,50757.9,575.0,3,False,,43.8,North,0
C100486,38,20,35833.54,55683.56,747.0,5,False,,73.8,North,0
C100487,50,9,40503.03,58563.85,,3,False,,16.6,Center,0
C100488,65,9,42923.65,50547.1,568.0,1,False,,35.4,Islands,1
C100489,55,37,74806.1,23934.08,743.0,2,False,,64.0,North,1
C100490,75,23,48430.73,,579.0,4,False,,19.9,South,0
C100491,71,19,49940.0,,607.0,4,True,3.72,25.0,Center,0
C100492,64,12,39679.02,30456.62,711.0,2,True,3.96,48.5,South,0
C100493,55,28,43973.75,,669.0,1,False,,47.4,South,0
C100494,35,17,40689.22,13060.04,,2,False,,81.9,North,1
C100495,43,0,36854.6,32416.41,588.0,2,True,4.38,38.6,South,0
C100496,25,7,,39756.09,622.0,4,False,,43.9,South,0
C100497,41,23,,33567.41,686.0,5,False,,33.5,Islands,0
C100498,75,12,46062.89,14045.08,482.0,1,True,4.36,40.9,Center,0
C100499,44,12,39378.59,7640.32,641.0,4,True,4.48,6.3,North,1
C100500,25,7,,47440.97,606.0,4,True,4.88,50.9,Center,0
C100501,58,2,44043.1,46284.54,702.0,4,False,,33.9,South,0
C100502,77,17,46160.43,14419.35,713.0,5,False,,67.4,North,0
C100503,71,20,46382.62,7553.15,595.0,1,False,,25.9,Islands,0
C100504,34,16,34120.32,38354.29,703.0,4,True,2.27,27.6,North,0
C100505,46,5,48044.88,23513.38,613.0,1,False,,56.4,Islands,0
C100506,50,19,47631.39,,608.0,5,True,4.77,53.3,Center,1
C100507,33,6,37474.22,49857.88,622.0,3,False,,69.1,North,1
C100508,34,16,,26103.62,619.0,1,False,,36.7,Center,0
C100509,32,14,45004.35,52487.86,737.0,4,False,,59.2,Center,0
C100510,79,22,46384.53,14887.79,688.0,4,False,,30.4,South,0
C100511,64,17,45935.98,24959.37,667.0,3,False,,79.0,Center,1
C100512,70,6,48801.55,,687.0,2,True,2.39,62.8,North,0
C100513,68,41,68616.25,61974.08,825.0,1,False,,37.5,Islands,0
C100514,77,29,41042.01,69412.28,722.0,5,True,4.54,36.9,Center,1
C100515,24,6,41102.67,15081.5,702.0,1,True,4.72,29.5,North,1
C100516,72,18,39366.19,27875.72,680.0,5,False,,17.4,South,0
C100517,22,4,,28783.43,610.0,3,False,,55.7,North,1
C100518,47,29,62820.57,56230.1,,4,True,3.83,28.2,North,0
C100519,54,20,51679.21,89031.39,668.0,4,False,,44.0,Center,0
C100520,40,13,42574.17,11734.37,640.0,5,False,,24.7,Center,0
C100521,27,9,31865.84,58786.07,710.0,1,False,,10.5,Center,0
C100522,29,11,36539.82,64229.22,718.0,5,False,,45.4,Islands,0
C100523,69,26,46280.26,49924.12,677.0,1,True,4.86,33.6,North,0
C100524,37,3,35220.77,23994.94,,5,False,,36.8,Islands,0
C100525,37,19,37940.88,41504.92,731.0,2,True,3.08,53.8,North,0
C100526,75,27,49549.9,,735.0,5,True,4.22,49.5,North,0
C100527,26,8,30360.7,40131.46,620.0,1,False,,7.6,North,1
C100528,74,23,43224.47,40549.6,645.0,3,False,,14.7,North,0
C100529,75,15,40972.48,59475.34,659.0,3,True,2.68,22.2,Center,0
C100530,55,25,51212.54,64949.09,684.0,5,False,,7.6,South,0
C100531,28,7,40532.44,49817.62,579.0,1,False,,33.0,South,0
C100532,27,4,37225.13,49121.33,,1,False,,57.9,South,0
C100533,35,17,48366.43,35646.44,675.0,4,True,3.99,34.3,North,0
C100534,53,35,47771.22,,681.0,1,False,,18.3,South,0
C100535,27,9,38624.26,11452.93,674.0,4,True,3.54,31.1,North,1
C100536,46,26,46389.66,78082.85,,1,True,2.19,43.9,South,0
C100537,25,1,33853.76,53260.95,648.0,5,True,3.39,68.3,South,0
C100538,51,33,42827.1,68222.09,672.0,3,True,5.15,32.0,North,0
C100539,19,1,63601.73,56133.04,695.0,5,True,4.82,44.6,Center,0
C100540,61,13,45069.42,65403.63,647.0,1,True,5.25,64.8,Islands,1
C100541,21,3,28612.85,,511.0,2,False,,34.6,North,0
C100542,30,12,40361.57,54269.65,671.0,3,False,,76.7,South,0
C100543,28,10,37844.62,7274.26,629.0,1,True,4.05,31.0,Islands,1
C100544,69,12,40819.45,23726.4,787.0,1,False,,12.1,North,0
C100545,21,3,44122.09,39543.49,703.0,2,True,2.7,40.7,North,1
C100546,44,20,42385.22,26572.71,697.0,4,False,,21.0,Center,0
C100547,54,23,41451.68,24349.89,675.0,4,False,,18.3,South,0
C100548,49,31,57639.34,91068.76,723.0,1,False,,47.1,Center,0
C100549,60,29,53497.24,14999.13,639.0,1,True,2.93,35.6,Center,0
C100550,67,7,41314.18,54243.75,516.0,4,False,,81.3,North,0
C100551,42,13,,11387.77,629.0,2,False,,14.9,Islands,0
C100552,69,16,53843.72,76216.68,665.0,4,False,,18.7,South,0
C100553,37,19,39835.02,60427.26,521.0,2,False,,54.0,Center,0
C100554,79,32,66686.15,57841.61,701.0,2,False,,13.8,Islands,0
C100555,49,16,46533.03,58243.72,638.0,2,True,5.38,44.3,South,0
C100556,63,33,47804.96,,685.0,2,False,,16.0,Islands,0
C100557,72,33,43941.31,65186.66,651.0,4,True,2.29,64.1,North,0
C100558,67,17,53048.38,31958.48,,3,False,,29.9,North,0
C100559,70,18,52013.61,57519.74,772.0,4,False,,27.9,South,0
C100560,51,33,46318.03,,735.0,1,False,,31.3,Center,1
C100561,20,2,,18557.15,,3,False,,32.5,North,0
C100562,48,6,45849.37,,623.0,3,True,3.48,12.6,South,0
C100563,29,11,35806.58,24928.92,,5,True,2.92,25.0,Center,0
C100564,73,26,41066.25,57902.06,621.0,3,False,,9.1,North,0
C100565,32,14,30246.17,11624.03,,1,False,,15.6,North,0
C100566,32,14,42530.19,0.0,701.0,4,False,,38.2,Center,0
C100567,33,15,27943.78,49859.23,588.0,1,False,,31.6,North,0
C100568,57,14,49607.61,,589.0,5,False,,68.8,North,0
C100569,53,18,44020.74,67083.7,650.0,2,False,,13.8,Center,1
C100570,76,8,62083.92,,671.0,4,False,,73.4,South,0
C100571,43,25,,38714.72,543.0,4,True,4.19,37.5,Center,0
C100572,35,17,44850.97,24639.07,650.0,3,True,2.99,62.8,North,0
C100573,21,3,,13563.46,640.0,3,False,,36.7,South,0
C100574,18,0,32222.23,30926.06,612.0,1,False,,67.0,North,0
C100575,41,18,48385.48,18475.03,796.0,1,False,,56.9,North,0
C100576,75,20,45008.83,74794.81,735.0,4,True,2.81,31.2,North,1
C100577,50,19,55511.95,4431.55,765.0,5,True,5.2,18.5,South,0
C100578,73,11,42384.66,11073.05,800.0,5,False,,7.2,North,1
C100579,24,5,36409.58,21039.31,651.0,2,False,,43.9,Center,0
C100580,23,5,42441.22,19772.09,627.0,2,True,3.06,25.9,Center,0
C100581,69,4,53856.82,18103.94,696.0,2,True,3.33,54.5,South,0
C100582,24,6,59032.17,63483.04,620.0,4,True,5.46,73.0,South,0
C100583,21,3,,20597.67,590.0,4,False,,47.7,Islands,0
C100584,43,5,35507.07,36598.39,565.0,4,False,,15.2,South,0
C100585,75,29,42381.94,69890.86,701.0,5,False,,23.2,North,1
C100586,60,32,53861.1,64463.2,669.0,2,True,4.97,38.1,North,1
C100587,24,6,38268.41,42655.81,570.0,4,False,,62.1,North,0
C100588,69,13,48782.62,28131.93,675.0,3,False,,38.5,North,0
C100589,70,0,41853.87,23923.19,595.0,5,True,2.96,55.7,North,1
C100590,67,39,55019.15,37244.82,612.0,2,True,3.67,17.4,North,0
C100591,73,14,41461.8,70017.5,551.0,1,False,,23.4,South,0
C100592,32,14,49571.24,52688.16,585.0,2,True,4.77,64.1,South,0
C100593,78,8,98967.76,54034.48,685.0,4,False,,30.1,North,0
C100594,37,7,42892.89,31216.23,648.0,5,False,,44.5,Center,0
C100595,67,35,53061.11,85089.7,727.0,5,False,,64.5,North,0
C100596,53,35,43937.61,,759.0,1,False,,25.5,Center,0
C100597,66,38,39586.36,47156.46,739.0,3,False,,28.2,Center,0
C100598,56,33,44240.27,,755.0,1,True,3.39,18.9,North,0
C100599,57,11,41973.97,46963.08,668.0,2,False,,37.3,North,1
C100600,56,38,40677.86,46382.56,709.0,5,True,5.41,25.9,Islands,1
C100601,66,30,69101.16,16081.72,799.0,5,False,,57.4,Center,0
C100602,63,7,50172.94,13487.77,693.0,1,False,,44.3,Center,0
C100603,26,5,38062.3,65406.03,631.0,1,False,,44.8,North,1
C100604,69,39,45921.56,55466.74,786.0,4,False,,34.9,North,0
C100605,51,12,44998.01,26866.65,499.0,3,True,5.02,12.9,North,0
C100606,38,20,49708.69,60555.27,652.0,3,False,,55.7,Islands,0
C100607,49,6,45074.22,13346.83,607.0,5,True,2.7,45.1,North,0
C100608,77,12,52537.93,84941.88,724.0,5,False,,30.1,North,0
C100609,71,12,46644.43,21579.86,738.0,5,False,,45.7,Islands,0
C100610,69,12,45718.03,,554.0,4,False,,20.9,Center,0
C100611,46,28,36762.25,29716.43,748.0,5,False,,50.3,North,0
C100612,66,41,39151.82,,631.0,4,False,,70.3,Center,0
C100613,41,23,39919.65,2186.3,589.0,5,True,4.92,38.5,Center,0
C100614,60,33,48431.37,63756.4,685.0,3,True,3.39,33.9,Islands,1
C100615,57,9,41235.52,10872.77,606.0,1,True,2.23,29.3,North,0
C100616,33,15,37858.8,7147.71,540.0,5,True,3.69,74.9,South,0
C100617,34,16,38960.59,49838.61,677.0,5,False,,23.7,North,0
C100618,21,3,23431.4,18166.91,615.0,2,False,,32.2,South,1
C100619,26,8,29676.24,13568.18,663.0,3,False,,38.7,South,0
C100620,44,26,46413.89,13500.43,652.0,3,False,,9.9,South,0
C100621,47,29,47579.18,,685.0,4,False,,36.3,South,1
C100622,28,10,29583.18,22430.44,602.0,4,False,,67.7,South,0
C100623,43,25,43826.22,14796.45,771.0,2,False,,10.7,North,1
C100624,55,33,58092.92,36335.17,549.0,5,False,,23.8,North,0
C100625,32,11,44783.81,25042.2,580.0,5,False,,27.2,North,0
C100626,38,13,39677.61,27490.22,632.0,5,True,2.45,18.6,Center,0
C100627,40,22,38227.99,9953.74,586.0,3,False,,19.1,North,0
C100628,49,2,41400.86,20773.43,592.0,1,True,5.48,25.6,South,0
C100629,40,14,45179.93,32896.54,638.0,5,False,,64.9,South,0
C100630,63,32,49523.07,79149.83,660.0,1,False,,21.1,Islands,0
C100631,38,20,45885.92,8968.37,666.0,1,True,3.58,19.6,Center,0
C100632,44,23,44064.72,18974.13,703.0,2,True,5.33,25.0,South,0
C100633,41,17,49308.93,79124.11,,1,False,,80.2,South,0
C100634,29,11,37023.18,60083.65,594.0,4,False,,50.1,Islands,0
C100635,60,30,55219.79,,695.0,3,False,,45.9,South,0
C100636,32,14,45867.71,18095.58,646.0,2,False,,67.3,North,0
C100637,36,1,34682.76,32229.58,487.0,1,False,,28.0,North,0
C100638,67,24,,13293.79,687.0,2,False,,34.2,Islands,0
C100639,76,18,65873.34,19896.11,670.0,4,False,,6.3,South,0
C100640,59,31,50035.22,35849.74,773.0,4,False,,44.1,South,1
C100641,74,39,39853.22,44788.03,733.0,2,True,2.18,35.8,South,1
C100642,70,43,43671.8,20493.8,785.0,1,False,,53.4,South,0
C100643,47,27,51475.33,63054.15,630.0,3,True,4.16,16.2,South,0
C100644,65,16,,24445.53,630.0,4,True,4.71,75.3,Islands,0
C100645,38,19,37080.58,31609.25,567.0,1,False,,76.5,Islands,0
C100646,46,7,59467.89,,614.0,4,True,4.04,25.9,North,1
C100647,51,33,40360.01,,758.0,1,False,,11.1,North,0
C100648,77,38,43262.89,37579.83,791.0,2,False,,30.4,North,0
C100649,70,38,49656.86,51824.45,645.0,4,True,4.74,67.8,Center,1
C100650,48,14,48060.08,33726.71,624.0,1,False,,67.1,South,0
C100651,58,14,52203.15,10148.74,655.0,2,False,,68.5,South,0
C100652,30,12,45452.49,63636.0,676.0,1,False,,67.7,Center,0
C100653,67,24,49551.52,19709.87,574.0,2,True,3.43,15.6,North,1
C100654,52,31,50786.09,46072.33,603.0,4,False,,12.9,Center,0
C100655,51,22,44434.63,37806.67,693.0,2,False,,20.2,South,0
C100656,65,19,48478.46,15130.53,548.0,1,False,,58.9,Center,0
C100657,57,28,48823.71,9537.61,661.0,2,False,,59.6,North,0
C100658,22,4,,,609.0,1,False,,52.8,North,0
C100659,35,15,46082.8,78106.99,675.0,4,False,,38.9,Center,0
C100660,28,10,,50102.54,618.0,5,True,5.17,9.7,Center,1
C100661,63,10,48338.61,42700.15,620.0,1,False,,24.8,South,0
C100662,20,2,27461.07,0.0,631.0,4,False,,50.6,Islands,0
C100663,30,12,37266.33,38085.86,642.0,2,False,,21.9,North,0
C100664,55,37,47805.43,5097.05,669.0,1,False,,26.9,North,0
C100665,61,41,49507.35,,724.0,4,False,,50.7,North,1
C100666,49,14,76912.72,,732.0,2,False,,46.9,North,0
C100667,71,37,44665.86,39029.26,805.0,3,False,,47.4,Center,0
C100668,74,42,51502.58,24664.01,775.0,3,True,2.38,44.8,North,1
C100669,26,8,45644.32,8235.38,704.0,3,True,3.78,42.1,North,0
C100670,77,0,,9474.65,581.0,1,True,4.43,66.4,South,0
C100671,56,33,82980.34,67696.62,737.0,2,False,,22.9,North,1
C100672,57,39,45501.71,,694.0,4,False,,38.0,South,0
C100673,23,5,36216.52,30207.29,596.0,5,False,,20.6,North,0
C100674,56,10,43259.8,41807.66,571.0,1,False,,7.9,North,0
C100675,62,34,45661.12,52574.17,772.0,3,True,3.22,34.8,North,0
C100676,54,4,49519.99,5684.12,682.0,5,False,,95.6,North,0
C100677,23,5,41528.81,22992.61,,2,False,,37.6,North,0
C100678,50,28,48322.72,37257.98,,3,False,,28.1,South,0
C100679,76,20,61352.52,,706.0,5,True,5.35,23.1,Islands,0
C100680,62,31,47329.85,40240.88,735.0,5,True,5.24,74.7,North,0
C100681,26,8,,40040.24,525.0,4,True,3.66,28.9,North,0
C100682,77,27,93762.15,,766.0,4,False,,73.1,North,0
C100683,77,29,51244.57,69291.13,692.0,4,False,,36.2,South,0
C100684,28,10,31493.75,54973.29,645.0,2,True,2.85,10.7,North,0
C100685,67,13,43769.36,63551.32,602.0,5,True,4.95,50.9,North,0
C100686,43,13,37204.76,56679.21,477.0,1,True,4.06,18.0,South,0
C100687,54,11,56561.88,84517.71,596.0,1,False,,13.8,South,0
C100688,45,20,41083.56,55164.49,649.0,4,False,,46.5,South,0
C100689,66,26,48979.12,75636.32,687.0,5,False,,39.4,North,0
C100690,79,16,47551.13,,756.0,5,True,5.24,38.7,North,0
C100691,67,18,54626.68,52520.4,709.0,4,False,,45.9,North,0
C100692,75,12,43035.76,55017.73,641.0,2,False,,29.2,South,0
C100693,76,9,42044.08,40010.42,625.0,2,False,,50.7,South,0
C100694,23,5,35363.8,51160.42,669.0,3,False,,24.8,North,0
C100695,33,15,43342.76,39387.94,609.0,2,False,,51.4,South,1
C100696,62,13,50690.83,,645.0,3,False,,65.6,Center,1
C100697,54,36,42759.53,55268.85,630.0,1,False,,37.2,South,0
C100698,21,3,,,690.0,2,True,4.82,58.1,North,0
C100699,23,5,,14822.16,614.0,5,False,,32.9,North,0
C100700,50,16,42428.17,52873.88,602.0,4,False,,51.0,North,0
C100701,56,0,42599.19,,598.0,1,False,,49.8,South,0
C100702,28,1,49827.18,86690.51,653.0,2,False,,15.2,North,1
C100703,28,10,41427.7,,613.0,2,False,,60.2,North,0
C100704,26,8,40234.06,44568.5,588.0,2,True,4.2,55.3,South,0
C100705,53,35,60278.27,,689.0,4,False,,14.7,South,0
C100706,18,0,80752.71,26357.96,702.0,5,False,,19.1,Center,0
C100707,53,35,38968.29,,664.0,4,False,,33.3,South,0
C100708,47,10,39950.77,21380.19,598.0,3,False,,29.5,South,0
C100709,46,6,40119.56,46605.75,535.0,1,True,5.27,57.3,Center,0
C100710,60,31,43016.99,59799.66,688.0,1,True,3.99,34.8,North,1
C100711,50,32,39785.91,32204.25,669.0,5,True,3.8,34.3,North,0
C100712,63,27,45979.79,23173.47,660.0,4,False,,19.2,Center,0
C100713,65,5,41492.22,,,3,False,,17.4,North,0
C100714,75,5,50712.99,76005.01,679.0,3,False,,17.1,Center,0
C100715,67,17,48395.05,49204.6,701.0,5,True,4.37,25.5,Center,0
C100716,50,20,49805.92,11702.1,703.0,5,False,,24.7,North,1
C100717,48,30,49163.41,50495.15,679.0,1,False,,38.1,South,0
C100718,32,12,42913.71,20118.67,602.0,2,True,2.92,41.4,South,0
C100719,55,8,45529.39,77780.8,568.0,1,True,2.3,69.2,Center,0
C100720,26,8,,31985.57,633.0,2,False,,3.7,Islands,0
C100721,75,6,49848.27,,,4,False,,4.7,North,0
C100722,70,1,39446.46,17561.47,554.0,2,True,3.78,27.9,North,0
C100723,25,7,,24167.88,,1,True,3.64,24.7,North,1
C100724,66,18,39779.29,34469.71,587.0,3,True,3.51,74.8,Center,0
C100725,25,7,34637.71,41184.03,507.0,3,True,4.39,43.4,North,1
C100726,62,39,47144.04,50086.07,761.0,4,True,4.13,27.1,South,0
C100727,23,5,30575.44,,565.0,1,False,,38.1,North,0
C100728,48,13,71876.75,39392.55,646.0,2,False,,58.4,Center,0
C100729,58,40,52718.77,36971.42,660.0,4,False,,34.0,Center,0
C100730,63,28,54567.5,94835.72,725.0,4,False,,56.5,North,0
C100731,43,3,,9802.63,685.0,5,False,,32.1,South,0
C100732,75,42,42361.52,72162.88,686.0,5,True,4.16,47.6,South,1
C100733,66,6,48282.92,,619.0,5,True,3.5,49.0,South,1
C100734,30,12,38093.4,6412.78,690.0,3,True,4.81,49.0,Center,0
C100735,59,35,39462.77,10043.88,,5,False,,7.0,Center,0
C100736,63,11,46748.43,9050.97,759.0,3,False,,50.2,Center,0
C100737,38,12,40463.53,50989.86,778.0,5,False,,20.2,South,0
C100738,63,21,46518.79,53266.97,503.0,2,False,,21.6,North,0
C100739,73,39,43191.02,29946.19,698.0,3,False,,28.7,Center,0
C100740,68,10,44579.4,50105.48,591.0,4,True,4.56,31.0,North,1
C100741,65,29,46771.4,51327.55,670.0,2,False,,50.6,South,0
C100742,57,20,48693.85,73224.58,642.0,1,False,,12.9,North,0
C100743,34,5,,70513.62,669.0,5,False,,75.0,Islands,0
C100744,67,31,58858.79,79076.67,708.0,3,False,,39.0,North,0
C100745,40,22,39262.9,,599.0,5,False,,57.0,North,0
C100746,50,25,42795.35,65562.1,658.0,2,True,3.31,13.0,North,0
C100747,37,7,43545.61,40264.34,655.0,5,False,,13.2,North,0
C100748,37,7,45244.13,56548.04,557.0,4,False,,39.1,North,0
C100749,27,9,32571.64,2808.03,509.0,4,False,,92.1,South,0
C100750,77,22,55284.43,,805.0,4,False,,69.8,North,0
C100751,27,9,44947.25,,594.0,2,False,,81.6,North,0
C100752,23,5,47435.19,22174.02,619.0,5,False,,41.9,North,0
C100753,76,22,70178.0,113736.18,691.0,5,False,,7.6,North,1
C100754,52,13,41595.52,61428.81,669.0,4,False,,22.3,Islands,0
C100755,45,27,43612.24,17801.29,781.0,5,False,,23.2,North,0
C100756,63,35,48092.85,44371.49,738.0,5,True,3.06,31.4,South,0
C100757,41,23,,68386.22,568.0,4,False,,51.8,Center,0
C100758,25,0,30497.89,52532.49,498.0,3,False,,25.3,Center,0
C100759,63,44,40551.38,27852.21,687.0,5,False,,31.5,South,0
C100760,28,1,36558.38,19960.05,580.0,1,False,,62.6,North,0
C100761,52,34,42055.21,55263.42,586.0,3,False,,61.8,South,0
C100762,76,1,48656.77,26274.76,669.0,5,False,,47.9,Center,0
C100763,76,23,43282.38,28217.02,599.0,5,True,4.02,65.4,North,0
C100764,40,4,35196.78,5464.19,690.0,2,False,,53.9,Islands,0
C100765,66,4,49847.16,12770.13,739.0,1,False,,69.5,North,0
C100766,55,30,49166.0,,678.0,2,True,2.83,27.4,Islands,0
C100767,47,29,49422.4,62370.61,718.0,5,False,,49.1,Islands,0
C100768,26,5,66054.66,81111.67,591.0,3,True,4.99,49.5,North,0
C100769,41,23,43910.78,65345.39,,1,False,,39.6,North,0
C100770,58,14,52094.77,49050.3,629.0,1,True,2.58,41.1,South,0
C100771,79,14,42036.0,28432.41,574.0,2,False,,65.6,North,1
C100772,18,0,24582.7,3465.87,552.0,2,False,,25.7,South,0
C100773,62,20,66556.22,24176.08,675.0,1,False,,29.8,North,0
C100774,70,8,42689.21,23939.4,606.0,3,True,4.23,58.7,North,0
C100775,76,19,42173.83,15895.86,709.0,3,False,,46.8,Center,0
C100776,44,9,42775.5,7004.15,581.0,1,False,,58.2,South,0
C100777,25,2,33863.18,10058.5,697.0,2,False,,18.8,South,0
C100778,34,16,33332.48,36399.26,,4,True,3.92,16.4,Center,0
C100779,70,30,45946.69,47830.2,784.0,5,True,3.08,51.3,North,0
C100780,72,34,60919.31,94738.09,666.0,5,False,,19.6,Center,0
C100781,57,15,43225.83,61800.36,644.0,3,False,,35.2,North,1
C100782,25,7,27357.29,21792.26,563.0,1,True,4.75,57.3,North,0
C100783,25,7,43586.1,9548.41,604.0,5,False,,43.4,North,0
C100784,47,29,48564.13,49456.12,738.0,5,True,4.23,24.4,Center,0
C100785,54,36,43696.84,2265.66,787.0,2,False,,42.2,North,0
C100786,20,2,24496.0,22291.79,645.0,3,True,3.74,68.1,North,0
C100787,60,36,43520.24,36926.19,673.0,1,False,,40.4,South,0
C100788,51,33,45813.75,35153.82,705.0,5,False,,4.3,North,0
C100789,18,0,43364.85,22780.18,560.0,4,True,2.81,38.6,Islands,0
C100790,23,5,27804.36,37885.02,529.0,1,True,4.54,42.5,North,1
C100791,46,14,43352.9,62742.86,573.0,4,False,,55.4,North,0
C100792,62,10,54017.07,72060.2,627.0,3,False,,53.1,South,0
C100793,69,33,38255.81,50633.85,694.0,3,False,,49.7,Center,0
C100794,44,26,53290.1,58520.31,577.0,2,False,,43.7,South,1
C100795,36,18,33071.96,,628.0,5,False,,17.7,Center,1
C100796,78,7,50686.1,71989.43,730.0,3,False,,19.6,North,0
C100797,46,22,45901.03,,734.0,5,True,4.66,35.8,South,0
C100798,37,9,50808.5,35235.14,609.0,1,True,3.6,8.8,Center,1
C100799,45,27,48238.08,33668.72,600.0,3,False,,52.0,Center,1
C100800,18,0,21613.71,41592.57,591.0,2,True,2.46,22.5,North,1
C100801,36,6,34776.48,42325.76,466.0,5,False,,15.9,North,0
C100802,49,25,46364.83,42392.63,742.0,3,False,,53.6,North,0
C100803,74,39,,52532.03,,4,False,,18.0,South,0
C100804,63,41,52023.23,43629.21,836.0,1,False,,46.4,North,0
C100805,66,4,55272.78,48148.62,537.0,4,False,,67.0,Islands,0
C100806,51,14,51519.54,34917.55,713.0,1,False,,20.2,North,0
C100807,24,6,32574.5,19682.77,594.0,2,True,2.11,26.9,Center,0
C100808,42,13,33639.25,39862.82,600.0,2,True,2.63,18.8,North,0
C100809,79,24,45049.21,17787.94,588.0,1,True,2.36,59.1,South,0
C100810,20,2,,48686.6,632.0,3,True,2.69,37.9,South,0
C100811,72,3,41983.84,23201.93,652.0,2,False,,24.7,Center,0
C100812,60,22,53555.37,63085.69,789.0,3,True,3.02,58.5,North,0
C100813,35,2,47668.02,58529.68,681.0,4,True,4.65,33.7,South,0
C100814,66,10,48975.22,55552.62,607.0,1,False,,18.0,North,0
C100815,69,0,37127.29,41167.58,534.0,4,False,,29.3,Center,0
C100816,20,2,,48396.85,494.0,2,False,,32.6,South,0
C100817,24,6,58399.57,52814.18,740.0,2,False,,10.5,North,1
C100818,59,38,44541.23,63848.45,657.0,3,False,,7.3,South,0
C100819,79,34,39136.02,54959.16,772.0,4,True,3.5,55.8,South,0
C100820,19,1,44804.28,27751.07,644.0,4,False,,15.7,North,0
C100821,59,1,48108.22,28683.4,639.0,1,True,4.91,50.6,North,0
C100822,26,8,46131.6,,614.0,3,False,,45.2,Center,0
C100823,58,29,50207.95,33995.96,733.0,2,False,,65.5,South,0
C100824,56,33,51842.14,39130.27,705.0,2,False,,38.4,Center,0
C100825,23,5,,23576.88,583.0,5,False,,32.1,Center,0
C100826,60,15,54256.54,60638.48,708.0,1,False,,27.2,North,0
C100827,73,7,81400.8,45700.4,692.0,3,False,,23.6,North,0
C100828,71,1,57439.46,,589.0,3,False,,27.1,North,0
C100829,19,1,,27686.69,607.0,2,False,,42.7,North,0
C100830,33,2,41830.01,58330.7,605.0,4,False,,51.1,North,0
C100831,32,14,49329.6,5484.45,683.0,3,True,3.79,8.5,North,0
C100832,46,12,56486.72,53214.05,636.0,4,False,,45.7,Center,0
C100833,26,8,32165.69,0.0,532.0,2,True,2.79,24.7,Center,1
C100834,70,24,60004.7,67511.33,804.0,5,False,,70.0,North,0
C100835,66,24,56903.58,40135.32,787.0,4,True,2.39,39.0,Center,0
C100836,68,20,89638.79,,802.0,2,False,,11.0,North,1
C100837,30,12,,25508.12,591.0,5,True,4.12,46.5,North,0
C100838,18,0,28106.46,32235.53,558.0,5,True,5.07,12.1,Islands,0
C100839,74,4,45939.57,27353.15,705.0,3,False,,18.3,Center,1
C100840,35,17,35852.4,36457.27,613.0,1,True,4.67,33.6,North,0
C100841,58,17,,37771.55,610.0,3,False,,20.8,North,0
C100842,74,24,37573.48,19895.61,767.0,4,False,,49.6,South,0
C100843,20,2,29418.76,3111.92,581.0,2,False,,32.7,North,0
C100844,18,0,34369.04,13656.02,695.0,1,True,2.63,20.4,Islands,1
C100845,18,0,,4797.0,492.0,3,False,,41.2,Center,1
C100846,27,9,60783.48,,695.0,5,False,,16.7,North,0
C100847,21,3,,31818.89,717.0,2,False,,41.9,Center,0
C100848,68,9,61825.36,3288.77,668.0,3,True,4.26,3.5,South,0
C100849,55,22,50075.56,89080.46,659.0,1,False,,7.4,Center,0
C100850,78,24,55697.23,4155.74,621.0,4,False,,39.3,Islands,0
C100851,67,33,50227.5,31535.06,768.0,5,False,,61.4,Islands,0
C100852,77,32,63012.74,83775.21,680.0,4,True,3.74,41.9,North,0
C100853,32,14,38077.15,60656.41,625.0,3,True,2.62,17.3,North,0
C100854,35,13,43201.0,54475.24,565.0,1,True,4.15,23.2,North,0
C100855,70,16,50991.83,55165.81,755.0,3,False,,19.0,Center,0
C100856,33,15,36150.85,55871.54,699.0,5,False,,24.7,Center,0
C100857,21,3,36042.93,7927.86,598.0,1,False,,29.2,North,0
C100858,59,28,80307.01,137789.08,681.0,2,False,,79.9,Islands,0
C100859,67,9,46163.57,,727.0,5,True,3.97,58.4,North,0
C100860,78,29,51476.42,87930.38,673.0,3,False,,41.0,South,0
C100861,75,33,61332.91,34594.1,659.0,1,True,2.98,36.1,South,0
C100862,25,7,46162.71,11071.45,524.0,1,True,2.12,47.2,North,1
C100863,65,5,48096.1,55216.56,590.0,3,False,,18.0,North,0
C100864,70,34,38251.61,42006.59,594.0,3,True,5.45,32.1,North,0
C100865,61,3,52400.81,,595.0,5,False,,56.6,Islands,0
C100866,68,15,38591.39,66920.65,679.0,5,False,,29.2,North,1
C100867,69,7,64635.39,,644.0,3,False,,11.9,South,0
C100868,45,7,44814.88,29874.67,648.0,3,False,,32.2,Center,0
C100869,20,2,42051.64,44942.4,566.0,5,False,,46.8,Center,1
C100870,46,1,38734.25,13176.0,604.0,4,True,3.82,28.3,Islands,0
C100871,30,12,29088.04,19727.87,723.0,2,False,,53.2,Center,0
C100872,25,2,36569.91,8867.25,577.0,4,False,,16.4,South,1
C100873,25,7,,50416.06,629.0,4,False,,37.5,Center,0
C100874,61,31,44845.0,61319.41,593.0,2,True,2.9,58.8,North,0
C100875,49,31,45946.52,48006.06,781.0,5,True,3.62,26.0,North,0
C100876,51,33,94061.46,65437.3,762.0,2,False,,48.0,North,0
C100877,64,6,55791.41,64935.16,710.0,3,False,,48.8,South,0
C100878,51,33,56644.84,88885.62,708.0,3,False,,14.1,North,1
C100879,57,29,55901.13,,,4,False,,24.0,Center,0
C100880,23,5,50392.88,59461.74,,5,True,5.29,39.2,North,1
C100881,70,20,46683.63,78755.88,,2,False,,37.5,Center,0
C100882,45,27,34465.12,34077.38,722.0,2,True,2.1,88.3,South,1
C100883,27,9,34093.47,29356.59,565.0,4,True,4.86,40.7,Center,0
C100884,68,8,55528.07,94002.55,698.0,5,False,,35.6,Islands,0
C100885,63,39,42486.99,35721.02,679.0,5,False,,34.0,North,0
C100886,21,3,31474.68,19419.27,611.0,4,False,,24.0,North,0
C100887,29,11,32081.88,14669.63,584.0,4,False,,51.4,Center,0
C100888,18,0,48519.35,50095.61,620.0,4,False,,56.5,North,0
C100889,34,16,45375.04,45679.54,586.0,5,False,,25.7,South,0
C100890,24,6,39817.27,48555.77,629.0,1,True,3.1,19.3,South,1
C100891,62,8,53455.05,49829.46,650.0,3,True,2.93,51.8,North,1
C100892,50,27,45488.81,25189.64,646.0,1,False,,34.9,Islands,0
C100893,78,9,49543.14,,638.0,3,False,,58.1,North,0
C100894,64,21,41611.49,18979.41,664.0,2,False,,85.6,South,0
C100895,55,29,38663.65,65796.77,633.0,2,True,3.63,58.4,North,0
C100896,49,31,46459.29,24496.3,683.0,5,False,,49.8,South,0
C100897,21,3,35315.65,29522.59,538.0,4,False,,47.6,North,0
C100898,22,4,45780.34,,762.0,3,False,,64.4,Islands,0
C100899,56,33,66355.16,,799.0,5,False,,77.7,Islands,0
C100900,18,0,49681.85,16803.95,636.0,1,False,,29.5,Center,1
C100901,20,2,,51973.44,649.0,4,True,4.4,48.5,Center,0
C100902,31,13,34856.64,45089.07,503.0,1,False,,10.4,Center,0
C100903,72,24,52049.28,52994.66,531.0,2,False,,40.8,Center,0
C100904,46,17,84374.12,84246.41,707.0,1,True,4.23,81.0,Center,1
C100905,61,37,64803.45,13243.05,659.0,3,False,,83.7,Center,0
C100906,43,16,,52949.72,654.0,4,False,,36.5,South,0
C100907,28,10,33293.69,20240.99,624.0,4,False,,48.6,Center,0
C100908,41,20,36569.3,26479.82,,3,False,,41.7,North,0
C100909,23,1,40867.58,57620.87,536.0,5,False,,25.7,Islands,0
C100910,65,23,41942.75,45193.74,,2,True,2.12,24.8,North,0
C100911,29,2,34667.75,3659.84,595.0,1,False,,10.3,North,0
C100912,41,23,40892.42,13145.47,680.0,1,False,,13.5,Islands,0
C100913,78,27,66733.64,32197.57,690.0,1,False,,49.7,North,0
C100914,54,16,45191.93,20759.03,733.0,3,False,,33.9,North,0
C100915,46,21,34092.64,44321.97,634.0,3,True,3.17,15.2,Center,1
C100916,51,27,50481.54,21248.32,795.0,5,False,,69.6,South,0
C100917,66,11,43745.53,70948.07,588.0,1,True,3.67,64.9,North,1
C100918,33,12,38426.67,18151.56,671.0,2,True,4.6,23.2,Center,0
C100919,57,18,47387.59,1988.99,,5,False,,45.9,North,1
C100920,72,11,46142.65,72907.98,620.0,1,False,,26.2,Center,0
C100921,53,34,54383.83,29400.91,752.0,3,False,,64.4,North,0
C100922,45,4,35899.82,23621.16,584.0,1,False,,31.1,North,0
C100923,26,8,31653.16,61940.97,444.0,3,True,2.87,67.0,Islands,0
C100924,33,15,44212.03,,462.0,5,False,,57.1,Center,0
C100925,76,25,44180.51,57964.06,747.0,2,True,5.04,47.4,South,0
C100926,51,7,38364.61,5508.63,688.0,2,False,,58.1,Islands,0
C100927,36,17,45397.01,51811.52,767.0,3,False,,10.3,Islands,0
C100928,43,25,54027.77,101204.01,690.0,4,False,,27.9,South,1
C100929,53,12,46783.17,,566.0,5,True,2.61,53.7,North,0
C100930,51,5,37393.87,10453.78,582.0,1,False,,63.2,South,0
C100931,61,23,54348.22,46359.36,687.0,3,False,,67.7,Center,0
C100932,33,7,30111.84,9483.54,537.0,4,False,,7.6,North,0
C100933,58,14,50482.81,15893.8,,1,True,5.39,34.8,North,0
C100934,45,20,38350.04,46985.97,781.0,5,True,2.51,17.0,North,1
C100935,76,25,41709.21,,695.0,2,False,,9.1,Center,1
C100936,27,9,,19814.3,,3,True,2.64,45.6,South,0
C100937,27,9,,9343.47,533.0,5,False,,16.7,Center,0
C100938,46,28,39973.91,47455.23,763.0,4,False,,43.7,North,0
C100939,49,2,50417.85,16978.79,630.0,5,True,5.04,28.3,North,0
C100940,60,16,45103.18,39099.58,633.0,4,False,,47.3,South,0
C100941,43,0,52154.87,27898.41,,2,False,,54.7,Center,0
C100942,74,0,50244.06,,585.0,4,True,4.08,34.6,Center,0
C100943,47,9,40152.86,22985.15,632.0,4,False,,19.7,South,0
C100944,26,8,29897.7,29541.87,513.0,2,True,3.93,62.3,South,0
C100945,25,7,26548.5,20454.51,656.0,1,False,,11.1,Center,1
C100946,78,34,50326.27,15316.74,699.0,4,False,,17.6,Center,0
C100947,26,8,,16004.2,675.0,3,False,,27.4,North,0
C100948,76,35,38273.85,7063.14,672.0,4,True,2.8,12.0,Islands,0
C100949,35,7,35600.29,8876.22,601.0,1,False,,7.2,Center,0
C100950,23,5,28389.07,27034.11,517.0,3,True,3.36,55.5,South,0
C100951,36,18,57880.96,,,5,False,,61.3,North,0
C100952,56,4,39886.83,9845.43,557.0,5,True,3.06,39.2,Center,0
C100953,44,21,35746.63,28791.93,615.0,5,False,,30.8,North,0
C100954,66,37,59249.55,63216.7,731.0,2,True,2.36,30.0,Center,0
C100955,55,21,62825.83,36261.18,705.0,1,False,,51.8,South,0
C100956,42,24,37668.49,33719.23,553.0,3,False,,6.9,South,0
C100957,57,39,44086.62,6456.74,692.0,3,True,4.54,22.9,North,0
C100958,78,21,53399.63,21980.38,727.0,2,False,,26.2,South,0
C100959,43,2,32964.86,31350.24,568.0,1,True,3.24,33.6,North,0
C100960,27,9,,55531.16,583.0,1,False,,48.8,Center,0
C100961,43,9,40698.3,,634.0,2,True,2.37,16.2,North,0
C100962,70,21,65983.4,,697.0,4,True,2.64,67.6,North,0
C100963,31,13,34362.8,26831.24,559.0,1,False,,25.0,South,0
C100964,76,20,48772.37,6913.67,665.0,1,False,,26.9,North,0
C100965,54,8,59123.94,37097.42,718.0,2,False,,55.3,Islands,0
C100966,55,13,77214.96,46947.23,644.0,5,False,,28.7,North,0
C100967,37,19,36277.71,0.0,618.0,5,True,3.84,43.0,South,0
C100968,75,1,47886.58,4447.03,535.0,3,True,4.14,29.1,North,0
C100969,20,2,55292.95,,692.0,1,False,,8.1,Center,0
C100970,36,18,31883.65,23035.37,623.0,1,False,,44.1,Islands,0
C100971,43,4,52759.73,24555.95,585.0,5,True,2.15,10.1,Center,0
C100972,47,18,38680.64,53143.95,648.0,3,False,,66.8,North,0
C100973,47,9,45184.3,37828.09,561.0,1,False,,68.3,South,0
C100974,27,4,33740.82,43421.28,535.0,5,False,,27.4,South,0
C100975,31,13,31737.97,,528.0,3,False,,66.7,North,0
C100976,23,5,28029.86,26897.37,525.0,2,False,,17.4,South,0
C100977,53,7,49303.3,24021.54,718.0,3,False,,24.8,South,0
C100978,39,3,50549.05,41000.64,585.0,2,False,,36.8,South,1
C100979,53,6,46189.66,16615.79,655.0,5,True,4.54,14.6,North,1
C100980,54,29,48084.97,19198.01,638.0,4,True,4.71,4.8,Center,0
C100981,61,38,52940.66,,766.0,1,True,4.22,44.3,Islands,0
C100982,51,8,40679.15,14383.65,560.0,4,False,,39.7,Center,1
C100983,58,14,54716.98,21658.86,667.0,1,True,4.82,55.7,Center,1
C100984,54,15,55165.61,87285.48,671.0,3,False,,55.1,Islands,0
C100985,58,16,90587.73,18208.72,850.0,4,False,,46.0,North,1
C100986,56,10,45513.27,,674.0,1,False,,75.1,North,0
C100987,37,2,36934.35,44553.89,563.0,4,False,,14.2,South,0
C100988,33,15,45142.68,21071.49,689.0,2,False,,54.0,South,0
C100989,66,16,55612.85,53003.29,800.0,4,True,3.77,50.0,Islands,0
C100990,39,15,,16123.8,535.0,3,False,,33.1,South,1
C100991,52,11,44002.8,50138.49,585.0,1,False,,48.8,North,0
C100992,30,12,41390.91,22800.44,619.0,4,True,4.12,25.1,North,0
C100993,44,26,38174.6,21160.11,636.0,2,False,,61.8,North,1
C100994,50,18,43059.49,26061.78,631.0,5,False,,83.4,Islands,0
C100995,56,9,48684.53,,562.0,5,True,2.96,37.6,North,0
C100996,50,32,55504.12,85417.4,795.0,1,False,,46.5,Center,0
C100997,40,22,37480.36,58083.26,565.0,4,False,,14.9,Center,1
C100998,77,1,39499.78,46837.25,589.0,2,False,,45.3,North,0
C100999,49,31,36605.81,44713.48,733.0,4,True,3.73,16.2,North,0
C101000,68,31,41333.0,41440.9,678.0,3,True,3.37,23.3,Center,1
C101001,63,4,41138.31,64284.99,554.0,2,False,,44.0,North,0
C101002,52,33,45570.63,40711.83,613.0,4,False,,37.8,Islands,1
C101003,72,4,41597.35,29762.56,599.0,2,False,,23.6,Islands,0
C101004,25,2,30226.87,40960.74,540.0,5,False,,90.2,North,0
C101005,75,5,43377.66,56048.45,632.0,5,True,2.94,34.7,South,0
C101006,70,20,45135.21,6492.14,576.0,1,False,,39.2,North,0
C101007,49,27,59599.9,47327.57,755.0,4,False,,27.8,North,0
C101008,63,18,53877.01,28652.79,,5,False,,26.2,North,0
C101009,50,5,45878.77,75729.81,636.0,1,False,,36.8,South,0
C101010,34,8,35567.55,21770.68,698.0,4,False,,36.7,South,0
C101011,67,38,,64241.01,679.0,5,True,2.51,41.3,North,0
C101012,33,15,40748.66,,595.0,2,False,,60.8,South,0
C101013,37,19,44971.85,61722.92,625.0,3,False,,27.5,South,0
C101014,50,4,40509.65,14983.33,599.0,4,False,,32.8,South,0
C101015,69,36,48280.49,83138.92,701.0,2,True,3.97,20.5,Center,0
C101016,41,23,32720.4,29974.19,593.0,2,False,,29.1,South,0
C101017,48,23,46509.56,18542.77,549.0,2,True,3.74,67.7,Center,0
C101018,20,2,39216.37,23660.16,570.0,2,True,3.17,14.7,North,0
C101019,25,7,32602.49,17687.16,624.0,4,True,4.73,7.4,South,1
C101020,21,3,55632.47,46054.93,647.0,2,False,,62.1,North,0
C101021,22,1,,33452.41,651.0,2,False,,2.1,South,0
C101022,71,9,49706.91,77202.43,759.0,5,False,,43.6,South,0
C101023,70,18,47749.07,58912.83,706.0,3,False,,79.7,North,0
C101024,68,2,47292.71,55199.89,703.0,5,False,,35.6,North,0
C101025,21,3,31895.57,28318.35,637.0,4,False,,31.5,South,0
C101026,22,4,33970.36,50226.6,701.0,5,False,,44.9,South,0
C101027,35,17,,,767.0,1,False,,4.5,South,1
C101028,53,3,,46026.17,709.0,5,True,3.32,14.7,Center,0
C101029,38,20,40343.2,64275.15,693.0,5,True,2.21,35.0,North,0
C101030,48,30,52419.22,,688.0,1,False,,42.3,North,0
C101031,28,10,,48963.79,606.0,2,False,,12.2,South,0
C101032,63,41,55008.94,86633.14,712.0,3,False,,35.4,Center,1
C101033,37,7,35335.91,52176.02,645.0,3,True,3.62,84.5,South,0
C101034,22,4,44139.67,19657.29,575.0,4,False,,31.2,North,0
C101035,64,44,79714.61,91897.87,778.0,4,False,,80.9,North,0
C101036,73,14,47142.13,17023.79,508.0,2,False,,63.0,Center,0
C101037,18,0,22000.21,30908.6,667.0,4,False,,27.6,Center,0
C101038,45,23,40032.89,17832.71,644.0,5,False,,69.8,Center,0
C101039,69,22,60955.45,,724.0,3,False,,41.3,North,0
C101040,61,13,52759.51,,745.0,5,False,,29.7,South,0
C101041,71,43,49969.82,22804.31,745.0,4,False,,29.9,Center,0
C101042,43,25,52516.45,44359.09,774.0,5,False,,8.5,South,0
C101043,41,17,45788.74,62335.2,580.0,5,False,,22.5,Center,0
C101044,61,36,60751.52,51275.32,850.0,1,False,,7.4,Center,0
C101045,27,9,44202.0,22179.57,696.0,5,False,,87.8,South,0
C101046,32,14,55151.33,6755.08,,1,False,,59.6,Center,0
C101047,55,26,50924.22,37900.71,772.0,5,True,2.08,39.7,Center,0
C101048,59,21,56630.1,70531.48,616.0,5,False,,84.0,Center,0
C101049,25,5,,32958.52,580.0,2,False,,36.5,North,0
C101050,49,29,41546.91,16535.9,762.0,1,True,4.49,43.8,Islands,1
C101051,40,14,62056.98,48446.48,567.0,3,False,,5.2,North,1
C101052,49,9,46996.68,29810.18,670.0,2,True,4.3,47.1,North,0
C101053,77,8,55449.5,34569.45,683.0,3,False,,22.0,South,1
C101054,22,4,34100.6,50120.11,716.0,1,False,,72.0,North,0
C101055,79,4,44326.12,22837.98,524.0,1,False,,37.0,Islands,0
C101056,45,27,43590.67,47738.89,771.0,3,False,,17.3,Center,1
C101057,65,38,64080.79,,710.0,4,False,,32.4,North,0
C101058,44,1,47831.06,48715.67,591.0,2,False,,76.1,North,0
C101059,37,19,31761.85,43577.15,558.0,2,False,,50.8,North,0
C101060,65,25,46518.17,14481.61,610.0,1,True,3.84,90.9,North,0
C101061,60,16,70255.72,32280.33,725.0,2,True,4.29,88.9,North,0
C101062,26,8,,18637.05,540.0,2,False,,34.1,North,1
C101063,61,18,39612.86,51945.82,689.0,2,True,3.29,52.0,North,0
C101064,64,19,72492.08,105335.85,673.0,2,False,,11.8,Center,0
C101065,42,19,48244.43,16506.06,591.0,2,False,,3.3,North,0
C101066,75,36,47505.06,21186.08,673.0,4,True,3.95,48.6,North,0
C101067,57,28,45541.31,17804.16,701.0,2,False,,31.3,North,0
C101068,38,17,51228.71,,648.0,4,False,,15.9,North,0
C101069,18,0,,29577.5,578.0,4,False,,23.1,North,1
C101070,59,36,59773.05,,771.0,4,False,,25.1,North,1
C101071,30,12,41401.45,69611.94,698.0,3,True,4.76,41.4,North,1
C101072,64,32,49934.2,27035.35,681.0,5,False,,40.9,Islands,0
C101073,50,17,46872.9,60129.6,594.0,2,False,,36.7,North,0
C101074,46,28,42734.01,48552.36,680.0,5,False,,58.3,North,0
C101075,28,10,,24825.25,666.0,2,False,,71.5,South,0
C101076,62,12,42950.42,,548.0,1,True,4.75,41.0,Center,1
C101077,28,10,27974.97,0.0,548.0,5,False,,22.0,North,0
C101078,43,25,47981.13,57421.26,635.0,5,False,,19.7,South,0
C101079,69,25,53554.99,67911.31,677.0,1,True,5.22,15.8,South,0
C101080,75,17,52048.38,,621.0,3,False,,11.0,Islands,0
C101081,79,20,51368.16,,715.0,3,False,,17.0,Islands,1
C101082,77,13,45850.38,27086.84,548.0,2,False,,12.5,Center,0
C101083,52,29,53901.42,75111.36,606.0,3,True,3.59,57.6,South,0
C101084,30,12,36429.13,,603.0,4,False,,34.6,Center,1
C101085,70,24,44869.85,44779.01,659.0,3,True,5.36,36.0,South,0
C101086,67,16,45903.78,,565.0,3,False,,20.7,Center,0
C101087,79,14,75243.04,41850.93,669.0,5,False,,13.6,North,1
C101088,58,40,39794.91,36155.02,676.0,2,True,3.62,7.1,North,0
C101089,26,8,39186.44,58454.76,595.0,4,True,2.74,27.0,Center,0
C101090,49,3,37255.45,21828.33,611.0,2,False,,50.4,Center,0
C101091,45,17,42737.65,37389.13,608.0,5,True,5.28,55.4,South,0
C101092,70,23,45174.96,,757.0,2,False,,18.5,North,1
C101093,42,4,33043.89,55271.34,625.0,5,False,,28.8,South,0
C101094,38,13,43547.18,74082.88,591.0,4,False,,37.3,North,0
C101095,22,4,30639.79,18193.0,597.0,2,True,5.4,56.1,Center,0
C101096,69,22,38860.92,73110.8,,4,True,5.32,51.4,North,1
C101097,64,32,55850.13,23271.9,785.0,2,True,3.94,83.7,North,0
C101098,20,2,48314.8,,586.0,2,False,,33.2,Center,0
C101099,44,17,60020.17,59148.67,729.0,2,False,,14.3,North,0
C101100,47,29,47325.66,68167.44,690.0,4,False,,35.8,North,0
C101101,47,9,44752.48,66552.41,721.0,2,True,2.66,42.3,South,0
C101102,74,35,62385.99,,810.0,3,True,5.37,76.2,North,0
C101103,27,9,,66068.59,666.0,3,True,4.41,27.3,South,0
C101104,36,18,51020.92,41037.02,651.0,1,False,,82.5,South,1
C101105,29,11,,29719.6,640.0,2,True,2.46,31.3,North,1
C101106,33,15,39674.2,34722.33,626.0,2,True,3.8,47.2,South,0
C101107,74,11,51663.01,10005.86,752.0,2,False,,53.5,South,0
C101108,76,23,39587.98,37596.31,,5,False,,30.0,South,0
C101109,20,2,,57120.26,573.0,2,True,3.42,6.4,South,0
C101110,57,39,81286.81,107927.25,752.0,3,False,,14.7,Center,0
C101111,32,14,43295.64,57122.85,569.0,4,True,5.1,7.2,Islands,0
C101112,29,8,52992.77,36005.76,679.0,4,True,5.19,12.5,North,1
C101113,36,18,40873.69,29793.5,598.0,4,True,3.4,11.9,North,1
C101114,30,4,36232.42,8509.38,668.0,3,False,,45.6,South,0
C101115,48,30,47976.65,29974.04,613.0,5,False,,65.8,North,0
C101116,79,44,43179.58,39805.45,,5,False,,13.1,Center,0
C101117,54,2,42063.0,24310.49,678.0,2,False,,58.0,North,1
C101118,62,29,61458.32,12421.63,586.0,1,True,3.86,19.9,North,1
C101119,48,30,59918.29,70297.47,836.0,2,False,,14.1,South,0
C101120,18,0,25745.69,21291.54,546.0,5,False,,48.8,North,0
C101121,23,5,43001.8,43038.93,627.0,5,False,,71.9,North,0
C101122,34,4,37935.8,28487.01,640.0,4,False,,17.4,South,0
C101123,33,15,40855.16,46376.48,683.0,4,False,,37.5,South,0
C101124,70,41,51857.84,45488.96,743.0,2,False,,10.5,South,1
C101125,70,26,57733.95,47268.36,760.0,3,True,2.78,52.8,North,0
C101126,70,44,48631.57,56479.03,758.0,1,False,,16.6,South,0
C101127,57,0,63665.61,6260.98,753.0,3,False,,50.1,Center,0
C101128,52,27,49138.15,,717.0,1,False,,42.1,South,0
C101129,58,1,53481.78,8647.16,747.0,1,False,,10.5,North,0
C101130,43,25,37698.17,31803.52,712.0,5,False,,46.8,North,1
C101131,59,30,78444.45,36319.51,644.0,5,False,,69.3,Center,0
C101132,67,41,51949.0,52683.24,850.0,4,False,,18.6,Center,0
C101133,65,25,54424.5,33838.42,657.0,4,False,,28.5,North,0
C101134,56,3,40166.49,59844.53,698.0,2,True,4.96,7.3,Center,0
C101135,21,1,,14832.21,580.0,3,True,4.9,29.7,South,0
C101136,62,15,61042.52,80513.3,743.0,4,True,3.22,51.4,North,0
C101137,40,22,43543.18,35223.51,621.0,3,True,4.67,28.8,Center,0
C101138,64,6,,7465.36,651.0,2,False,,48.1,North,0
C101139,51,33,56498.61,37847.99,700.0,2,True,5.18,40.9,South,0
C101140,72,10,44556.23,41226.13,729.0,5,False,,29.2,Center,1
C101141,38,20,56034.04,51924.47,708.0,2,False,,45.1,Center,0
C101142,75,9,47379.67,88929.41,693.0,5,False,,35.5,Islands,0
C101143,70,20,49601.83,58498.61,539.0,4,True,5.39,45.7,South,0
C101144,38,20,52550.83,93582.99,670.0,5,False,,28.9,North,0
C101145,47,0,39204.94,24565.44,623.0,3,False,,54.2,Center,0
C101146,50,25,40138.28,62177.83,676.0,2,False,,66.3,Islands,0
C101147,65,35,46641.17,46996.34,758.0,1,True,4.27,26.8,North,0
C101148,60,42,55706.09,55685.46,714.0,3,False,,9.0,Center,1
C101149,70,14,41075.42,76053.9,640.0,2,True,5.09,24.6,North,0
C101150,40,22,33237.86,45900.9,712.0,1,False,,30.6,South,0
C101151,49,31,52966.15,,567.0,5,False,,43.7,Center,0
C101152,44,26,39288.9,54428.77,699.0,5,True,4.35,25.7,Islands,0
C101153,74,16,45417.37,12004.7,631.0,2,False,,68.6,South,0
C101154,36,18,30911.45,35616.62,572.0,4,True,5.41,65.9,North,0
C101155,54,25,43396.34,45201.55,689.0,3,False,,48.0,Center,0
C101156,25,2,34454.24,59198.93,668.0,3,False,,62.0,Islands,0
C101157,70,12,56935.86,86239.71,726.0,4,False,,58.1,North,0
C101158,41,23,37091.38,17785.96,644.0,3,True,2.48,26.8,North,0
C101159,39,7,60691.58,14611.78,711.0,5,True,4.4,23.7,South,0
C101160,54,19,43368.18,6708.82,706.0,1,False,,41.6,Center,0
C101161,48,30,40675.57,,671.0,4,False,,21.1,North,0
C101162,70,6,65768.15,12786.0,625.0,5,True,5.38,38.5,North,0
C101163,50,22,47407.47,,632.0,5,False,,36.7,North,0
C101164,50,9,42261.43,42973.03,,1,True,2.85,26.5,South,1
C101165,24,6,,45180.46,598.0,1,False,,12.7,Center,1
C101166,19,1,,27136.27,553.0,4,False,,31.9,Center,0
C101167,42,24,58723.86,58550.2,596.0,5,True,4.89,23.7,South,0
C101168,79,3,43175.05,17613.64,664.0,5,False,,24.1,North,0
C101169,74,43,47701.54,78471.2,690.0,5,True,5.28,45.8,South,0
C101170,56,35,48688.88,21659.97,725.0,1,False,,31.0,North,0
C101171,57,38,42416.45,13224.24,774.0,3,False,,47.0,Center,0
C101172,42,24,41756.76,17790.39,585.0,4,False,,12.6,Center,0
C101173,29,8,36348.9,49873.36,610.0,4,False,,48.1,South,1
C101174,18,0,43012.11,13482.62,596.0,4,False,,23.7,Islands,0
C101175,39,21,53404.07,59456.76,,2,False,,16.9,North,0
C101176,37,19,37697.1,60037.9,717.0,3,False,,24.0,North,1
C101177,29,11,,54661.5,537.0,3,True,3.59,20.4,Center,1
C101178,34,16,44451.82,21971.92,683.0,5,False,,25.8,Center,1
C101179,19,1,28133.19,7652.91,641.0,2,True,4.97,73.4,North,0
C101180,55,5,53117.21,45398.81,628.0,2,False,,16.0,South,0
C101181,75,4,47379.17,14741.4,617.0,1,False,,38.6,South,0
C101182,60,17,42488.72,53676.92,673.0,1,False,,55.3,Center,1
C101183,45,27,38043.07,27379.78,684.0,5,False,,50.0,Center,0
C101184,44,22,59310.44,52385.67,729.0,5,False,,10.7,North,0
C101185,37,19,38808.42,13715.61,679.0,2,True,4.82,33.3,Center,0
C101186,26,8,,62674.07,590.0,4,False,,11.5,Center,0
C101187,55,25,44721.85,15116.29,731.0,3,False,,85.5,South,0
C101188,53,28,49430.34,58583.89,759.0,5,False,,52.7,Center,0
C101189,18,0,,22239.43,667.0,2,True,2.89,27.2,North,0
C101190,43,25,36718.41,68443.36,566.0,5,False,,34.4,North,0
C101191,35,17,,36404.57,616.0,2,True,3.28,9.6,North,0
C101192,28,10,49609.1,19751.1,,4,False,,72.2,Islands,0
C101193,61,19,43128.21,4832.64,585.0,2,True,3.47,28.2,South,1
C101194,50,32,45608.44,30651.08,670.0,4,True,3.11,32.1,South,0
C101195,57,16,44329.3,18312.32,564.0,2,True,4.59,8.6,South,0
C101196,62,5,50132.87,36302.55,669.0,5,False,,48.8,North,0
C101197,78,18,42570.46,,660.0,4,False,,11.2,South,0
C101198,67,5,46750.87,55928.66,527.0,2,False,,62.4,South,0
C101199,56,5,51759.66,12270.34,657.0,5,False,,23.1,North,0
C101200,72,39,42322.75,41858.68,699.0,4,False,,31.3,Center,0
C101201,47,29,40140.21,27612.15,704.0,3,True,4.02,28.1,South,0
C101202,79,9,,82398.41,610.0,1,True,2.81,30.9,South,1
C101203,65,37,40738.47,0.0,646.0,5,False,,49.0,North,1
C101204,58,3,45239.22,64214.21,572.0,4,False,,33.9,South,0
C101205,74,12,48911.77,78756.71,616.0,4,False,,60.5,Islands,0
C101206,49,31,42674.09,0.0,684.0,5,True,5.14,76.5,Islands,0
C101207,62,13,46157.37,25698.84,654.0,4,False,,11.2,North,0
C101208,35,17,38864.29,15417.52,629.0,2,True,3.46,20.6,North,0
C101209,77,39,43964.63,,680.0,2,False,,36.3,South,0
C101210,56,2,54187.37,54843.14,,1,True,5.37,30.8,North,0
C101211,66,1,64080.53,66045.29,801.0,1,False,,80.7,North,0
C101212,46,28,40948.44,60832.9,626.0,4,False,,58.1,South,0
C101213,71,23,52095.88,84304.82,648.0,5,False,,38.2,North,0
C101214,22,4,31510.14,30483.7,791.0,1,True,5.35,40.7,Center,0
C101215,25,7,,39094.48,638.0,3,False,,32.4,Islands,1
C101216,49,19,63558.42,81877.5,612.0,1,True,2.29,21.2,Center,1
C101217,63,31,52322.46,19349.12,753.0,3,False,,33.7,Islands,0
C101218,68,26,39687.28,65079.08,610.0,4,True,2.8,43.6,Center,0
C101219,45,7,47299.04,15150.11,687.0,5,True,4.64,33.5,North,0
C101220,58,28,60969.75,32036.33,699.0,5,False,,36.1,North,0
C101221,52,30,45126.78,,659.0,2,True,4.4,75.5,North,0
C101222,77,5,57750.26,31605.55,745.0,5,True,2.68,7.9,North,0
C101223,58,16,43790.19,11303.23,682.0,4,False,,2.2,South,0
C101224,43,25,35151.45,6710.26,711.0,2,False,,55.0,Islands,0
C101225,78,27,49088.35,49421.51,712.0,2,False,,66.5,North,0
C101226,24,6,25784.43,41636.65,,1,True,4.56,19.3,North,1
C101227,79,1,46359.15,3052.67,652.0,5,False,,33.6,Center,0
C101228,27,9,49162.85,11349.43,713.0,2,False,,33.5,Center,0
C101229,35,17,30323.35,30017.13,631.0,2,True,4.06,27.7,North,0
C101230,68,43,41259.59,68453.39,818.0,3,False,,17.6,North,0
C101231,63,23,42223.29,23386.93,713.0,1,True,2.83,29.5,North,0
C101232,78,41,47552.47,,730.0,5,False,,28.2,Center,0
C101233,64,9,45575.51,,649.0,4,False,,68.5,North,0
C101234,57,20,63490.19,36945.65,705.0,1,False,,39.7,South,0
C101235,39,6,50031.62,75331.4,560.0,1,False,,38.0,North,1
C101236,18,0,,46890.69,586.0,1,True,2.18,41.5,Center,0
C101237,25,7,35623.82,35779.81,622.0,5,True,4.35,16.5,Center,0
C101238,36,18,42685.37,33635.78,625.0,3,False,,34.5,North,1
C101239,20,2,,,600.0,4,False,,24.8,South,0
C101240,49,8,53356.84,82283.41,648.0,1,False,,51.1,South,0
C101241,66,4,41897.24,,660.0,2,True,2.33,44.0,South,0
C101242,77,23,55801.31,,729.0,3,False,,14.3,Center,0
C101243,48,30,57152.04,51275.89,719.0,2,False,,59.7,Center,1
C101244,72,8,,,557.0,4,True,5.04,20.4,North,0
C101245,79,18,46775.7,75875.12,766.0,5,False,,32.1,Center,0
C101246,71,10,51300.08,20807.77,639.0,2,False,,60.2,Center,1
C101247,46,28,33368.79,7653.91,652.0,4,False,,75.5,Center,0
C101248,38,18,42775.95,33851.82,630.0,5,False,,50.6,North,0
C101249,78,43,47202.25,71948.38,693.0,5,False,,70.9,North,0
C101250,32,11,37292.85,20417.1,715.0,1,False,,65.5,North,0
C101251,43,3,48954.31,60611.3,709.0,1,False,,53.2,North,1
C101252,22,4,32621.48,0.0,622.0,5,False,,45.9,Center,0
C101253,67,29,41785.85,,670.0,5,True,3.49,56.5,Islands,0
C101254,58,40,47010.1,55049.1,751.0,2,True,4.28,91.7,North,0
C101255,23,5,,15185.33,605.0,3,False,,36.9,North,0
C101256,31,13,38081.51,59195.91,617.0,3,True,2.58,18.6,North,0
C101257,52,28,47904.07,26993.8,706.0,4,True,3.27,18.8,North,0
C101258,51,16,56512.65,,647.0,4,False,,45.5,South,0
C101259,67,19,42001.66,15275.43,667.0,2,False,,56.2,North,0
C101260,34,6,39915.19,66490.69,627.0,5,True,5.15,8.6,Islands,1
C101261,75,19,61808.93,61055.36,727.0,1,False,,51.1,South,0
C101262,45,16,35295.94,16253.69,,1,False,,32.9,Center,1
C101263,69,1,49397.16,17276.72,664.0,5,False,,67.7,Islands,0
C101264,32,9,33982.17,10730.15,556.0,1,False,,58.5,Center,1
C101265,20,2,29795.55,28378.62,550.0,5,False,,30.7,Islands,0
C101266,21,3,,49613.13,551.0,2,True,3.24,21.2,North,1
C101267,41,23,40520.22,30051.26,594.0,2,False,,33.2,Islands,1
C101268,77,21,71429.3,59814.12,776.0,1,False,,37.1,North,0
C101269,21,3,26014.59,35848.89,521.0,5,False,,57.7,North,0
C101270,40,22,34921.38,38431.36,603.0,2,False,,35.6,Islands,1
C101271,24,1,,45577.7,652.0,1,False,,13.6,North,0
C101272,75,9,69197.14,63661.9,647.0,3,True,2.64,49.2,North,0
C101273,59,31,45010.06,57138.4,676.0,1,True,5.41,49.1,North,0
C101274,65,24,47822.66,82803.13,615.0,4,False,,65.2,North,0
C101275,62,13,45355.03,22309.73,693.0,1,True,5.25,37.6,North,0
C101276,58,23,,3751.32,713.0,3,False,,59.0,Center,0
C101277,65,40,46388.94,20268.8,757.0,2,False,,43.6,Center,0
C101278,18,0,69639.08,75486.65,692.0,1,False,,22.3,South,0
C101279,71,2,63378.33,43530.8,656.0,1,True,2.6,12.7,North,0
C101280,63,13,43007.25,68050.37,607.0,3,False,,27.7,South,0
C101281,63,42,53725.61,63813.8,684.0,2,True,3.02,11.4,Center,0
C101282,42,24,37256.26,41746.72,732.0,1,False,,39.0,South,0
C101283,67,37,39679.11,59952.85,738.0,1,True,2.09,39.5,South,0
C101284,41,23,51755.61,28761.15,,5,False,,28.4,Islands,0
C101285,21,3,44637.14,62683.26,619.0,4,False,,77.7,North,0
C101286,74,12,58399.78,10479.79,649.0,4,False,,14.6,Center,1
C101287,32,2,,24269.82,527.0,5,False,,35.6,Islands,1
C101288,24,0,32888.81,57466.3,596.0,1,True,2.38,48.2,South,0
C101289,56,37,54828.46,,697.0,4,False,,13.6,North,0
C101290,32,14,40869.56,55854.1,580.0,4,False,,73.3,Center,0
C101291,71,7,45409.02,33977.11,540.0,2,False,,82.8,South,0
C101292,45,27,35633.56,53453.77,565.0,3,True,2.81,53.1,North,1
C101293,18,0,32223.22,31083.68,,4,False,,11.5,Center,0
C101294,77,3,58834.21,72930.55,640.0,4,False,,57.6,South,0
C101295,49,31,38864.16,10141.15,,2,False,,34.5,Center,0
C101296,34,16,44183.35,20318.73,687.0,4,False,,42.9,North,0
C101297,59,25,50682.1,56525.43,680.0,4,True,5.07,89.9,Center,1
C101298,50,31,52582.71,10598.29,737.0,1,False,,35.3,Center,0
C101299,19,1,,70360.41,592.0,3,False,,64.7,Center,0
C101300,65,35,43768.35,67639.02,648.0,3,False,,13.8,South,0
C101301,42,20,34289.94,58055.99,645.0,2,False,,52.7,Center,0
C101302,61,43,44612.31,3627.11,641.0,1,True,2.88,8.6,South,0
C101303,73,2,56435.94,93084.13,670.0,1,False,,31.9,South,1
C101304,55,7,44565.93,15316.51,570.0,4,True,4.9,57.3,South,0
C101305,59,41,43770.47,32974.19,765.0,5,False,,61.2,Center,0
C101306,33,12,29656.21,34539.56,589.0,3,False,,21.0,North,0
C101307,32,13,59329.86,13186.2,735.0,5,False,,41.9,South,0
C101308,43,25,50289.2,13441.25,616.0,5,False,,55.6,North,0
C101309,70,8,55053.11,8052.08,,4,False,,58.7,Center,0
C101310,50,23,55148.37,51766.94,711.0,3,True,2.25,47.9,North,0
C101311,39,12,45796.42,,712.0,5,False,,63.0,Center,0
C101312,66,8,46329.84,16930.47,733.0,4,False,,67.4,South,0
C101313,70,43,46859.01,17918.77,724.0,5,False,,34.6,Center,0
C101314,73,8,45210.12,39309.27,741.0,5,False,,31.2,Center,0
C101315,36,4,83003.23,47033.38,679.0,1,True,3.78,28.1,North,0
C101316,61,30,52787.77,74636.06,767.0,4,False,,29.2,North,0
C101317,54,36,44551.74,82040.2,643.0,4,False,,38.6,Center,1
C101318,45,5,47407.86,69395.62,653.0,5,False,,27.6,South,0
C101319,42,24,36461.95,61286.6,512.0,2,False,,61.5,South,0
C101320,25,7,51710.96,53450.8,574.0,5,False,,72.7,Islands,0
C101321,35,17,34937.38,57270.49,660.0,3,True,2.06,47.0,North,0
C101322,52,5,50898.99,11822.41,556.0,2,False,,53.9,North,0
C101323,72,43,58661.49,5176.81,,1,True,5.03,6.0,Center,0
C101324,71,27,51158.37,58483.53,744.0,2,True,2.23,50.2,Center,0
C101325,29,11,,6322.9,,5,True,3.39,22.1,South,0
C101326,60,16,48089.34,79711.65,598.0,4,False,,31.5,South,0
C101327,23,5,33201.38,43976.48,570.0,4,False,,55.4,Center,0
C101328,59,28,44378.51,81860.7,621.0,5,True,2.77,55.3,Center,0
C101329,39,5,,29745.78,602.0,2,True,3.24,42.9,Islands,0
C101330,45,27,60295.01,51499.54,714.0,4,False,,57.4,North,0
C101331,62,35,47235.55,65474.49,684.0,2,True,2.41,18.3,South,0
C101332,44,13,38371.63,15434.91,730.0,5,False,,65.1,South,0
C101333,68,24,44707.12,44711.13,,3,True,4.07,63.6,North,1
C101334,51,17,57320.02,71602.11,761.0,5,False,,31.2,Islands,0
C101335,79,24,54021.99,78249.86,626.0,4,False,,31.4,South,0
C101336,57,39,,84224.35,728.0,4,False,,50.1,South,0
C101337,36,18,37695.4,14171.67,711.0,5,False,,38.5,North,0
C101338,66,9,52962.69,45115.15,716.0,4,True,2.58,18.4,North,0
C101339,43,25,38627.25,52161.99,635.0,2,True,2.34,52.8,South,0
C101340,51,19,44432.06,13781.16,690.0,3,True,4.57,19.4,North,1
C101341,26,8,,37686.04,654.0,3,True,2.42,37.0,North,1
C101342,25,7,,22484.63,,1,False,,11.3,Center,0
C101343,53,21,41534.96,20803.8,693.0,3,True,2.62,53.6,North,0
C101344,29,11,,29846.32,722.0,3,True,2.41,37.7,South,1
C101345,79,20,48832.81,19380.86,696.0,2,True,2.57,48.1,Center,0
C101346,71,38,69172.72,82379.62,787.0,1,False,,70.0,North,1
C101347,61,17,39308.46,18196.44,681.0,3,False,,70.0,Center,0
C101348,63,12,50219.72,66526.08,563.0,3,False,,54.6,North,0
C101349,54,16,40467.77,23030.42,669.0,1,False,,6.7,North,1
C101350,21,3,28774.97,59413.89,524.0,4,False,,58.0,Center,0
C101351,42,17,39733.26,7330.73,607.0,1,False,,70.9,Center,0
C101352,48,5,42101.18,42154.32,746.0,1,False,,21.6,North,0
C101353,74,4,44610.8,29590.44,604.0,3,False,,23.2,Center,0
C101354,31,13,37262.79,24536.29,583.0,2,True,2.55,34.9,North,1
C101355,48,3,41452.8,34383.03,680.0,5,False,,28.5,Center,1
C101356,39,21,33426.85,49799.4,,1,True,5.11,64.5,North,0
C101357,26,8,,62054.58,597.0,2,True,3.32,17.5,South,0
C101358,24,6,40912.97,19263.52,692.0,4,False,,26.0,Center,0
C101359,40,20,,15211.01,671.0,2,True,4.69,7.1,North,0
C101360,23,5,,34117.4,491.0,5,False,,30.8,South,0
C101361,22,4,,47570.24,,4,False,,18.8,South,0
C101362,39,21,46825.96,23364.28,642.0,5,False,,24.2,North,0
C101363,30,12,,38574.81,704.0,5,False,,36.5,Center,0
C101364,52,3,46727.3,42254.8,585.0,1,False,,85.3,South,0
C101365,19,1,30982.16,44386.07,648.0,3,False,,46.5,North,1
C101366,36,14,,50345.33,787.0,4,True,3.03,41.2,Islands,0
C101367,46,7,69102.28,58633.47,,1,True,4.51,44.2,Center,0
C101368,77,38,,14050.09,683.0,3,False,,68.1,South,0
C101369,57,9,87312.55,126646.58,740.0,4,False,,56.1,South,0
C101370,72,12,42725.79,10710.28,584.0,4,True,2.22,70.7,Islands,0
C101371,39,21,50360.95,73629.55,689.0,3,False,,27.4,Center,0
C101372,45,27,,88466.34,680.0,5,False,,29.7,South,0
C101373,44,9,37426.18,52271.51,603.0,4,True,4.89,19.7,North,0
C101374,73,17,52173.49,3062.0,670.0,1,True,4.59,37.3,North,1
C101375,77,23,47242.5,28712.04,676.0,2,False,,30.6,South,0
C101376,77,29,52771.99,,708.0,5,True,3.54,52.1,North,1
C101377,64,42,49816.89,48447.0,689.0,1,True,4.65,19.7,South,1
C101378,49,31,57746.31,99518.67,680.0,1,False,,42.4,North,1
C101379,51,33,46775.4,,689.0,2,False,,39.7,North,0
C101380,78,1,46831.45,,613.0,5,False,,50.7,North,0
C101381,35,10,50062.13,17028.79,619.0,4,False,,28.8,Center,0
C101382,39,21,45833.67,28704.69,684.0,1,False,,69.4,North,0
C101383,73,2,,9568.84,525.0,2,False,,36.1,North,0
C101384,41,15,37619.43,48434.54,589.0,5,False,,32.6,Islands,1
C101385,32,6,,6275.67,582.0,2,False,,27.6,South,0
C101386,52,34,43076.66,32590.17,640.0,3,False,,15.5,South,0
C101387,38,2,36495.26,54078.97,696.0,3,False,,12.9,North,0
C101388,73,6,55236.89,58597.01,647.0,4,False,,63.8,North,0
C101389,74,8,57501.94,11533.07,666.0,4,True,3.85,16.9,South,0
C101390,36,6,38367.13,7837.68,583.0,5,False,,10.2,North,0
C101391,50,25,61748.76,57714.85,705.0,1,False,,42.5,Center,1
C101392,79,16,63007.82,40328.33,,3,True,2.84,51.1,Islands,0
C101393,64,41,49923.42,,712.0,4,True,2.7,22.0,North,1
C101394,31,11,32351.17,39173.25,556.0,3,False,,37.0,Islands,1
C101395,54,24,65975.7,33927.16,695.0,4,False,,36.7,North,0
C101396,56,29,47568.82,50733.59,534.0,4,False,,66.7,North,0
C101397,58,28,48969.69,29823.79,620.0,2,False,,50.9,North,0
C101398,19,1,29533.55,13060.51,669.0,1,True,3.71,70.1,Islands,1
C101399,36,9,,10458.04,661.0,5,True,2.94,24.4,Center,0
C101400,70,22,40606.56,10959.56,735.0,5,False,,61.8,South,0
C101401,32,14,43221.94,9052.49,725.0,5,True,5.07,37.3,North,0
C101402,36,18,34783.06,26524.93,675.0,2,False,,44.4,South,0
C101403,37,19,98429.2,173408.46,737.0,2,True,3.0,7.1,Center,1
C101404,28,10,29851.5,43218.75,542.0,2,False,,44.8,Center,0
C101405,27,9,28740.47,18356.14,669.0,1,False,,17.1,South,1
C101406,39,21,,43151.81,667.0,1,True,3.96,12.8,South,0
C101407,72,42,65630.78,70908.02,850.0,2,False,,13.5,South,1
C101408,18,0,31842.85,,562.0,5,False,,14.4,North,0
C101409,35,15,43951.41,17993.64,764.0,2,True,2.65,43.3,South,1
C101410,21,3,24196.68,13736.73,566.0,3,False,,61.2,North,0
C101411,52,4,42503.77,16162.98,695.0,3,False,,75.8,Islands,1
C101412,33,15,32152.04,10080.98,724.0,2,False,,24.2,North,1
C101413,67,10,39361.33,21139.84,562.0,5,False,,23.7,North,0
C101414,54,18,48447.53,76977.15,633.0,1,False,,14.2,North,0
C101415,66,19,38541.09,56473.94,583.0,5,True,3.24,53.6,Center,0
C101416,57,27,41106.17,8860.22,596.0,4,True,2.47,36.1,North,1
C101417,45,27,40092.2,33831.04,708.0,2,False,,67.4,South,1
C101418,71,38,43107.36,32200.49,689.0,4,False,,43.6,South,1
C101419,47,17,47664.39,46817.61,661.0,3,False,,16.9,North,1
C101420,76,14,50454.8,59820.9,689.0,5,True,2.32,83.7,Center,0
C101421,79,34,56491.98,11258.33,607.0,1,False,,71.0,South,0
C101422,54,5,54407.54,88152.94,719.0,1,False,,66.8,South,0
C101423,59,24,59670.41,,678.0,3,True,2.27,75.1,North,0
C101424,33,15,38095.64,48974.29,666.0,5,False,,14.9,Islands,1
C101425,68,8,50436.44,,678.0,1,False,,61.8,North,0
C101426,59,27,52350.22,57268.35,774.0,4,True,5.36,68.9,South,1
C101427,73,14,49092.22,38171.65,647.0,5,False,,36.4,South,1
C101428,34,8,35937.99,15938.37,484.0,3,True,3.52,55.6,Center,0
C101429,66,29,45777.3,42757.22,687.0,5,False,,23.3,North,1
C101430,47,7,39571.46,2773.12,629.0,4,True,4.92,58.7,South,1
C101431,29,11,39796.35,58386.09,565.0,2,True,3.26,81.2,North,1
C101432,28,7,35186.47,32594.43,617.0,5,True,2.57,30.9,North,0
C101433,52,19,,34170.96,631.0,4,True,3.93,18.3,North,1
C101434,37,19,35831.38,29196.55,559.0,1,True,3.71,17.8,South,0
C101435,24,6,,54758.16,630.0,3,False,,48.0,North,0
C101436,44,26,52587.88,26892.11,656.0,4,True,4.55,25.9,Center,0
C101437,58,32,48600.07,23388.78,673.0,5,True,5.07,43.8,Islands,0
C101438,37,19,34862.04,8111.54,609.0,4,True,4.57,20.1,South,0
C101439,77,7,55491.5,70084.88,723.0,3,False,,65.1,Center,0
C101440,66,32,44465.84,76388.22,686.0,2,True,3.75,38.0,Center,0
C101441,49,31,38113.65,10823.22,678.0,1,False,,45.7,North,0
C101442,75,34,58077.65,93783.83,,1,False,,6.6,Center,0
C101443,44,8,39642.73,,647.0,4,False,,31.7,North,1
C101444,26,8,32269.08,41072.75,685.0,5,True,4.71,54.1,North,0
C101445,20,2,32565.76,15587.72,629.0,1,False,,29.0,North,0
C101446,76,26,59694.86,57155.23,746.0,4,False,,32.7,Center,0
C101447,77,22,48157.77,70643.26,708.0,3,True,5.06,14.1,North,0
C101448,63,23,41558.35,42934.0,578.0,1,False,,51.0,North,0
C101449,24,6,38718.1,19638.72,560.0,2,False,,31.9,South,0
C101450,36,1,36331.8,48407.56,583.0,2,True,3.41,11.5,North,0
C101451,20,2,,104621.55,595.0,4,False,,37.3,South,0
C101452,21,3,32701.5,26287.41,529.0,2,False,,54.2,Center,0
C101453,33,15,28657.8,30611.42,502.0,5,True,2.62,35.4,Center,0
C101454,53,12,50011.42,78607.77,569.0,2,False,,33.5,North,1
C101455,22,4,58730.32,35774.79,,1,True,2.78,45.6,North,0
C101456,79,4,66435.2,109934.66,659.0,1,True,3.22,27.5,South,1
C101457,46,21,67171.51,36902.78,,3,True,2.05,43.3,Center,0
C101458,34,16,32824.58,46320.32,630.0,3,False,,64.8,North,0
C101459,49,21,54013.59,15395.39,654.0,4,False,,51.2,North,0
C101460,66,41,43631.33,29666.31,775.0,3,False,,28.8,Center,1
C101461,37,18,41663.73,49729.61,639.0,1,False,,38.1,North,1
C101462,20,2,25533.42,27179.27,618.0,2,False,,32.4,Center,0
C101463,21,3,28722.63,54271.97,597.0,3,False,,42.6,Center,0
C101464,70,33,43860.18,,606.0,2,False,,13.3,Center,0
C101465,24,6,42599.2,10849.99,615.0,4,True,3.19,21.3,South,0
C101466,57,10,55401.95,35243.99,582.0,5,False,,31.6,Center,0
C101467,41,10,43906.76,39612.04,626.0,2,False,,71.6,South,0
C101468,66,32,41006.72,47478.2,637.0,3,False,,28.1,Center,0
C101469,21,3,,34692.66,612.0,5,False,,71.4,Center,0
C101470,73,27,43512.96,67814.16,594.0,2,False,,44.0,South,0
C101471,61,2,56204.11,,638.0,3,True,5.35,15.2,Center,0
C101472,45,26,55690.01,10234.08,731.0,2,False,,40.7,North,0
C101473,30,12,47285.15,49675.2,699.0,4,False,,49.9,Islands,0
C101474,78,0,43468.7,52189.39,561.0,4,False,,45.2,Islands,0
C101475,36,18,29060.92,,624.0,1,True,2.12,29.9,North,0
C101476,48,22,36555.19,12031.3,,1,True,2.86,28.5,Center,0
C101477,42,24,57999.15,43350.83,,1,False,,37.1,South,0
C101478,32,12,35014.03,27194.06,531.0,1,False,,6.7,Islands,0
C101479,43,21,,16641.52,594.0,1,False,,18.5,Center,0
C101480,27,9,,84837.95,821.0,4,False,,66.8,North,0
C101481,18,0,44791.45,27753.78,593.0,5,True,2.63,33.9,South,0
C101482,35,17,39190.59,43422.81,527.0,3,True,3.14,49.0,North,0
C101483,24,6,32068.8,26996.03,564.0,5,False,,39.8,South,1
C101484,43,25,41673.49,69911.77,500.0,4,True,4.44,7.3,Center,0
C101485,71,29,49787.64,22139.38,707.0,5,False,,28.0,Center,1
C101486,28,10,,24220.69,703.0,4,False,,61.0,North,0
C101487,18,0,34854.23,22296.84,535.0,1,False,,8.4,Center,0
C101488,24,6,40616.74,36708.17,588.0,3,False,,90.7,Center,0
C101489,49,19,57365.09,34082.79,738.0,3,True,5.38,52.5,North,0
C101490,35,17,32671.12,48295.31,523.0,4,True,2.19,45.7,North,0
C101491,48,28,51735.1,28314.39,614.0,4,False,,50.0,North,0
C101492,19,1,29811.52,7568.82,568.0,1,False,,37.8,South,0
C101493,38,20,,25072.24,586.0,4,True,2.51,69.3,Center,0
C101494,43,25,,49504.12,632.0,5,True,3.62,54.9,South,0
C101495,44,26,37331.47,56242.02,584.0,1,True,2.55,7.3,Center,1
C101496,52,13,51193.14,67728.61,668.0,3,False,,33.0,South,0
C101497,66,15,48872.63,59775.23,646.0,5,False,,35.8,Center,0
C101498,46,19,45385.49,73966.53,691.0,1,False,,31.1,North,0
C101499,70,29,73716.43,86740.14,752.0,1,False,,63.8,North,0
