ID,Nome,Reddito,Istruzione,Saldo_Medio
1,Cliente_1,68690.22,Master,26435.01
2,Cliente_2,143592.86,,24479.91
3,Cliente_3,115159.21,Laurea,2256.46
4,Cliente_4,,PhD,17721.14
5,Cliente_5,40282.42,PhD,19629.59
6,Cliente_6,40279.29,Master,
7,Cliente_7,27550.87,PhD,29428.45
8,Cliente_8,132602.9,Master,27146.52
9,Cliente_9,,Diploma,30787.35
10,Cliente_10,112049.44,Diploma,38479.28
11,,22675.98,Master,40836.3
12,Cliente_12,,Diploma,36188.03
13,Cliente_13,128217.54,,47820.66
14,Cliente_14,47604.08,PhD,1893.4
15,Cliente_15,43637.25,Laurea,10593.12
16,Cliente_16,,PhD,1370.58
17,Cliente_17,59551.49,Diploma,32726.26
18,,88218.34,Laurea,45003.5
19,Cliente_19,76152.85,Diploma,12930.63
20,Cliente_20,57859.79,PhD,46424.69
21,,99540.88,Master,3953.1
22,Cliente_22,38134.2,Master,46787.37
23,Cliente_23,57978.8,,18229.51
24,Cliente_24,,,5969.62
25,Cliente_25,79289.1,Diploma,24807.72
26,Cliente_26,122072.87,Laurea,13582.05
27,Cliente_27,45957.59,Master,14958.77
28,Cliente_28,86850.48,PhD,16057.21
29,Cliente_29,97013.89,Laurea,40348.27
30,Cliente_30,26038.55,PhD,27418.9
31,Cliente_31,98980.83,Master,
32,Cliente_32,42168.14,Diploma,30906.36
33,Cliente_33,,Master,36091.38
34,Cliente_34,143355.12,Laurea,14358.58
35,Cliente_35,145532.16,Diploma,21263.91
36,,125091.66,Laurea,6972.42
37,,59599.79,Laurea,
38,Cliente_38,32697.37,Master,34374.77
39,Cliente_39,108950.29,Laurea,9890.48
40,Cliente_40,77219.82,Master,26733.01
41,Cliente_41,,Diploma,35743.27
42,Cliente_42,84373.0,Master,6236.97
43,Cliente_43,24470.51,Diploma,28798.3
44,Cliente_44,138211.65,Master,13571.58
45,Cliente_45,53641.4,PhD,48183.42
46,Cliente_46,106127.9,PhD,24693.74
47,Cliente_47,60522.44,Laurea,
48,Cliente_48,87608.84,Master,27961.1
49,Cliente_49,91072.34,,3127.21
50,Cliente_50,44031.08,Diploma,32024.42
51,Cliente_51,146046.0,Laurea,47618.76
52,Cliente_52,120767.27,Master,30478.98
53,Cliente_53,142134.86,Laurea,41140.25
54,Cliente_54,136327.56,PhD,44326.12
55,Cliente_55,97727.0,Master,
56,,139843.65,Master,11390.2
57,Cliente_57,31504.03,Laurea,30938.07
58,Cliente_58,45477.77,Master,21140.4
59,Cliente_59,25879.55,,42153.2
60,,62292.94,Master,
61,,70528.05,,18317.65
62,Cliente_62,55275.37,,12606.66
63,Cliente_63,127735.88,Master,39245.75
64,,66377.93,PhD,14465.5
65,Cliente_65,56521.49,Master,41308.1
66,Cliente_66,90550.49,PhD,21763.17
67,Cliente_67,38320.15,PhD,
68,Cliente_68,124285.61,Diploma,5681.23
69,Cliente_69,29691.58,Laurea,31569.11
70,Cliente_70,148295.3,Master,23136.62
71,Cliente_71,120391.82,Diploma,29743.81
72,,45833.04,Master,9232.7
73,Cliente_73,20717.88,PhD,37106.81
74,Cliente_74,126009.99,,43277.06
75,Cliente_75,111891.45,Master,11620.25
76,Cliente_76,114770.93,Master,5690.01
77,,120265.15,PhD,2158.29
78,Cliente_78,29625.8,Master,32456.6
79,Cliente_79,66600.54,Master,30747.61
80,Cliente_80,,PhD,27788.17
81,Cliente_81,132203.45,Diploma,12365.41
82,Cliente_82,101028.76,,20154.39
83,Cliente_83,63016.74,Diploma,30129.34
84,Cliente_84,28262.59,Laurea,25341.58
85,Cliente_85,,Diploma,49401.49
86,Cliente_86,62273.83,Diploma,7685.55
87,,114848.8,Laurea,35062.08
88,Cliente_88,102882.47,Diploma,20811.62
89,Cliente_89,135337.66,PhD,21981.78
90,Cliente_90,81387.94,Diploma,36162.29
91,Cliente_91,35547.25,Laurea,34929.37
92,Cliente_92,112721.82,PhD,49571.54
93,Cliente_93,118902.06,Laurea,7291.32
94,Cliente_94,92966.04,Laurea,6101.37
95,Cliente_95,120225.73,Master,36492.6
96,Cliente_96,84193.43,Master,29340.96
97,Cliente_97,87955.27,,14433.87
98,Cliente_98,75580.33,Laurea,4891.55
99,Cliente_99,23304.49,Laurea,5197.25
100,Cliente_100,,,44815.35
101,Cliente_101,24085.79,Master,10401.5
102,Cliente_102,102733.35,Diploma,
103,Cliente_103,60866.28,Diploma,12106.16
104,Cliente_104,86114.19,Laurea,18394.82
105,Cliente_105,137983.64,PhD,4401.77
106,Cliente_106,52407.99,,26433.93
107,,73349.78,Master,4313.02
108,Cliente_108,118221.65,Master,40217.47
109,Cliente_109,49743.76,Master,12451.89
110,,30007.39,Laurea,27460.58
111,Cliente_111,57667.69,PhD,
112,Cliente_112,40958.77,Diploma,32892.99
113,Cliente_113,140860.69,Laurea,27114.93
114,Cliente_114,125055.65,Diploma,16892.35
115,,102342.49,Diploma,17317.09
116,Cliente_116,133289.88,Laurea,33804.86
117,Cliente_117,124477.37,Diploma,49712.83
118,Cliente_118,44254.11,PhD,33430.12
119,Cliente_119,136032.67,Diploma,28331.39
120,,90114.49,,36801.88
121,,124967.22,PhD,23795.08
122,Cliente_122,136491.87,PhD,3946.97
123,Cliente_123,61340.45,Master,28552.54
124,Cliente_124,34306.75,Diploma,47923.64
125,Cliente_125,49631.57,Laurea,9589.84
126,Cliente_126,,Laurea,34810.24
127,Cliente_127,126341.92,Diploma,10845.75
128,Cliente_128,131894.98,Master,27255.56
129,Cliente_129,20903.78,Master,5737.15
130,Cliente_130,86397.15,PhD,23068.18
131,Cliente_131,74263.43,Diploma,38052.0
132,Cliente_132,48874.02,Diploma,18031.0
133,Cliente_133,35582.5,,
134,Cliente_134,,Diploma,39977.05
135,Cliente_135,142578.26,Master,46431.71
136,Cliente_136,62016.38,Diploma,
137,Cliente_137,87442.78,Laurea,
138,Cliente_138,111392.46,PhD,
139,Cliente_139,67271.85,,49631.69
140,Cliente_140,146331.67,Laurea,46423.05
141,Cliente_141,145118.15,PhD,27457.9
142,,52731.7,Laurea,
143,Cliente_143,84642.31,,26526.94
144,,59114.18,Diploma,31555.7
145,,57029.26,Diploma,5367.1
146,Cliente_146,24795.3,PhD,38008.25
147,Cliente_147,99243.36,Diploma,
148,Cliente_148,85348.27,Diploma,41477.31
149,Cliente_149,26692.24,Laurea,39319.38
150,Cliente_150,56224.04,Master,35728.49
151,Cliente_151,138074.57,Diploma,2771.86
152,,51143.05,Master,15853.29
153,Cliente_153,,Diploma,13892.52
154,Cliente_154,,Diploma,18646.68
155,Cliente_155,148134.56,PhD,5294.49
156,Cliente_156,51467.19,PhD,46910.93
157,Cliente_157,107377.62,PhD,28136.31
158,Cliente_158,119010.55,Master,15970.69
159,Cliente_159,,Laurea,20452.09
160,Cliente_160,114668.13,Diploma,22912.92
161,Cliente_161,67811.81,Diploma,30429.12
162,Cliente_162,102199.76,Diploma,26268.29
163,Cliente_163,102358.86,Master,
164,Cliente_164,89650.71,PhD,25351.21
165,Cliente_165,,Laurea,49615.74
166,Cliente_166,128589.32,,42719.82
167,Cliente_167,61701.41,PhD,11217.02
168,Cliente_168,,Master,46599.17
169,Cliente_169,,Laurea,6701.95
170,Cliente_170,96816.08,PhD,
171,Cliente_171,108083.37,Master,19650.54
172,,22156.42,Laurea,44020.74
173,Cliente_173,86572.1,Diploma,43534.78
174,Cliente_174,49444.45,,40490.34
175,Cliente_175,103872.46,Diploma,39711.49
176,Cliente_176,42667.64,Master,15929.28
177,Cliente_177,109821.91,PhD,4965.04
178,Cliente_178,70275.6,PhD,20746.03
179,Cliente_179,141774.9,Master,9502.7
180,Cliente_180,37877.72,PhD,35052.6
181,Cliente_181,64338.63,PhD,17958.89
182,Cliente_182,34751.56,Diploma,48804.9
183,Cliente_183,140210.17,Master,32407.63
184,Cliente_184,134054.12,,41301.55
185,Cliente_185,53532.41,Diploma,7493.71
186,,105797.93,Master,43238.71
187,Cliente_187,126238.89,Diploma,46215.1
188,Cliente_188,92176.11,Laurea,24866.03
189,Cliente_189,88854.58,Laurea,30706.39
190,Cliente_190,51440.8,Master,38475.68
191,Cliente_191,32103.36,Laurea,9567.09
192,Cliente_192,136638.05,,25625.74
193,Cliente_193,137054.35,Laurea,20534.49
194,Cliente_194,102303.19,Diploma,8172.33
195,Cliente_195,64073.87,Diploma,
196,Cliente_196,65397.24,Laurea,4340.44
197,Cliente_197,,Master,2264.78
198,Cliente_198,,,7623.15
199,Cliente_199,135321.24,Laurea,48192.64
200,Cliente_200,121383.82,Diploma,27926.95
201,Cliente_201,103464.11,Diploma,
202,Cliente_202,30938.2,,22192.4
203,Cliente_203,41011.73,Master,16278.99
204,Cliente_204,136812.04,Master,25800.95
205,Cliente_205,98835.78,,22536.07
206,Cliente_206,21195.62,Diploma,6177.57
207,,33191.3,Master,32400.49
208,Cliente_208,106255.23,PhD,11585.87
209,Cliente_209,20658.01,Laurea,31359.81
210,Cliente_210,40905.05,Diploma,32859.85
211,,91335.39,Diploma,8449.22
212,Cliente_212,109946.38,Master,4006.13
213,Cliente_213,104754.96,Laurea,39257.32
214,Cliente_214,49155.01,Master,23530.22
215,Cliente_215,112583.3,Laurea,3850.03
216,Cliente_216,50842.38,Laurea,49748.45
217,Cliente_217,62301.96,Laurea,3831.25
218,Cliente_218,117043.88,Diploma,35056.73
219,Cliente_219,104452.28,PhD,49200.27
220,Cliente_220,130399.04,Master,12719.83
221,Cliente_221,105489.68,PhD,7970.22
222,Cliente_222,93880.12,Master,6947.86
223,Cliente_223,32177.72,Laurea,15860.48
224,Cliente_224,67803.05,Diploma,5951.24
225,Cliente_225,,PhD,
226,Cliente_226,51718.65,Diploma,4052.3
227,Cliente_227,146491.37,Master,25961.68
228,Cliente_228,71102.7,Diploma,49838.15
229,Cliente_229,135966.05,Diploma,40884.54
230,Cliente_230,102048.02,PhD,31145.75
231,Cliente_231,123325.47,,
232,Cliente_232,85342.82,Diploma,31570.9
233,Cliente_233,94997.51,Laurea,26825.03
234,Cliente_234,84027.3,,21878.09
235,Cliente_235,45381.59,Diploma,7404.81
236,Cliente_236,113918.77,PhD,44443.61
237,Cliente_237,56500.41,Master,23039.45
238,,23161.08,Master,10536.5
239,Cliente_239,103911.4,PhD,
240,Cliente_240,43024.39,Diploma,21292.36
241,Cliente_241,,Diploma,41549.36
242,Cliente_242,144010.72,Master,36947.1
243,,138932.37,Diploma,38695.94
244,Cliente_244,68120.63,Laurea,1540.53
245,Cliente_245,22009.36,PhD,21391.55
246,,140681.41,Laurea,24585.86
247,Cliente_247,75663.94,Diploma,1940.42
248,Cliente_248,145665.13,Master,13730.85
249,Cliente_249,145270.6,PhD,38254.2
250,Cliente_250,130891.23,Diploma,7718.38
251,Cliente_251,58278.36,Diploma,27230.2
252,Cliente_252,70062.7,Master,11544.89
253,,130647.77,Master,1593.92
254,Cliente_254,61199.86,Laurea,12818.87
255,Cliente_255,42034.06,PhD,
256,Cliente_256,92384.16,PhD,40275.32
257,Cliente_257,,Master,48019.26
258,,110483.87,Laurea,24904.85
259,Cliente_259,94107.95,PhD,6377.07
260,Cliente_260,32632.94,Master,27850.01
261,,99950.94,Diploma,
262,Cliente_262,148707.0,PhD,42373.5
263,Cliente_263,38210.92,Laurea,
264,Cliente_264,87382.85,Laurea,24923.82
265,Cliente_265,134058.5,Laurea,8352.38
266,Cliente_266,116299.92,Diploma,16909.12
267,Cliente_267,110612.05,PhD,37130.5
268,Cliente_268,111322.93,PhD,24324.89
269,,66733.85,Diploma,19418.53
270,Cliente_270,58166.94,PhD,20329.34
271,Cliente_271,125216.95,Diploma,23512.89
272,Cliente_272,125314.74,Diploma,39465.81
273,Cliente_273,132719.4,Diploma,44712.15
274,Cliente_274,,Laurea,47811.4
275,Cliente_275,86474.51,PhD,39558.27
276,Cliente_276,85197.12,Diploma,16454.94
277,Cliente_277,123778.37,PhD,
278,Cliente_278,104495.31,Laurea,22442.55
279,Cliente_279,111255.69,Diploma,13478.86
280,Cliente_280,123453.05,Master,
281,Cliente_281,135700.69,Laurea,
282,Cliente_282,63939.37,Master,45186.34
283,Cliente_283,68825.78,PhD,23612.4
284,,,PhD,32222.87
285,Cliente_285,95176.42,Laurea,33308.34
286,Cliente_286,24672.5,PhD,44860.77
287,Cliente_287,80527.74,Master,32196.81
288,,90543.8,Diploma,31082.75
289,Cliente_289,57250.36,Diploma,4265.95
290,Cliente_290,96808.32,,26401.99
291,Cliente_291,23965.03,Laurea,8358.28
292,Cliente_292,24855.26,PhD,37134.25
293,Cliente_293,126938.07,Master,26098.87
294,Cliente_294,66824.78,PhD,34331.16
295,Cliente_295,36517.87,PhD,3041.97
296,,87891.62,PhD,5154.81
297,,120099.16,Diploma,36099.85
298,Cliente_298,48056.73,Master,4532.13
299,Cliente_299,100975.76,Master,4491.58
300,Cliente_300,31095.17,PhD,1593.32
301,Cliente_301,26718.62,,47868.57
302,Cliente_302,89076.1,Diploma,37137.91
303,Cliente_303,90282.57,Master,18309.32
304,Cliente_304,102865.89,Diploma,15530.24
305,Cliente_305,114391.87,Diploma,18135.46
306,Cliente_306,,Diploma,38958.02
307,Cliente_307,87119.05,,33407.16
308,Cliente_308,61984.34,PhD,10074.58
309,Cliente_309,123374.21,Master,9531.36
310,Cliente_310,55208.19,Master,5821.39
311,Cliente_311,77066.28,Laurea,
312,Cliente_312,30199.33,PhD,38454.26
313,Cliente_313,23295.6,Master,13987.27
314,Cliente_314,145144.29,Diploma,2026.3
315,Cliente_315,128677.42,Master,5026.41
316,Cliente_316,110476.65,Diploma,48425.14
317,Cliente_317,73163.88,Laurea,15476.79
318,Cliente_318,42528.26,,38691.93
319,Cliente_319,40336.82,,
320,Cliente_320,52531.58,Master,
321,Cliente_321,91399.47,Master,11078.68
322,Cliente_322,,Laurea,6947.93
323,Cliente_323,105825.66,,31135.64
324,Cliente_324,56391.41,PhD,38957.06
325,Cliente_325,144132.49,Master,32551.31
326,Cliente_326,115926.6,Diploma,26984.8
327,Cliente_327,92066.03,Laurea,3055.61
328,,99523.7,Master,48455.95
329,Cliente_329,,Master,40137.0
330,,52205.03,Laurea,15348.28
331,Cliente_331,66276.45,PhD,49018.55
332,Cliente_332,118519.99,Laurea,30492.2
333,Cliente_333,21871.15,Laurea,29538.71
334,,35089.44,Diploma,37655.59
335,Cliente_335,25980.34,Diploma,40776.72
336,,25294.74,PhD,33167.45
337,Cliente_337,131209.88,Master,7276.69
338,,111475.52,Laurea,17575.11
339,Cliente_339,81642.6,PhD,46476.1
340,,32718.44,Diploma,12006.16
341,Cliente_341,83910.06,Laurea,19236.18
342,Cliente_342,81551.33,,22171.77
343,Cliente_343,42516.24,,
344,Cliente_344,76400.71,Diploma,31034.04
345,Cliente_345,71805.62,Diploma,47210.72
346,Cliente_346,100060.51,PhD,
347,,102562.17,Master,6953.57
348,,25889.52,Laurea,10676.05
349,Cliente_349,68699.64,PhD,44459.32
350,Cliente_350,101361.79,PhD,32644.73
351,Cliente_351,85407.71,PhD,
352,Cliente_352,131343.68,Diploma,40981.4
353,Cliente_353,105630.17,Master,
354,Cliente_354,41181.48,,42479.2
355,Cliente_355,29173.94,Laurea,46027.4
356,Cliente_356,103514.51,Master,13359.81
357,Cliente_357,23446.47,Laurea,37997.05
358,Cliente_358,96150.83,Master,23566.44
359,Cliente_359,,Laurea,42257.93
360,Cliente_360,94811.64,Diploma,36696.04
361,Cliente_361,70462.09,PhD,39045.92
362,Cliente_362,103627.47,Laurea,33151.93
363,Cliente_363,79572.88,Master,9694.01
364,,90930.18,PhD,27706.32
365,Cliente_365,142390.43,PhD,
366,Cliente_366,70193.34,Master,46932.02
367,Cliente_367,144954.77,Laurea,
368,Cliente_368,137695.58,Diploma,9075.93
369,Cliente_369,45452.85,Diploma,7454.71
370,Cliente_370,,Laurea,36573.02
371,Cliente_371,33101.14,PhD,41071.48
372,,22368.84,PhD,11462.06
373,Cliente_373,32277.58,PhD,25786.78
374,,108790.88,PhD,42194.45
375,Cliente_375,29254.52,Laurea,36907.28
376,Cliente_376,61466.83,PhD,27569.62
377,Cliente_377,,Master,29927.04
378,Cliente_378,23025.35,PhD,25909.67
379,Cliente_379,125880.9,Diploma,15579.87
380,Cliente_380,56641.12,,28686.08
381,Cliente_381,35361.43,Laurea,34755.38
382,Cliente_382,110575.83,,43792.82
383,Cliente_383,101762.57,Laurea,32178.28
384,Cliente_384,134071.36,Laurea,38294.96
385,Cliente_385,115559.24,,8843.51
386,Cliente_386,124452.52,Laurea,23616.32
387,Cliente_387,56664.49,,1457.25
388,Cliente_388,43067.14,PhD,13087.26
389,Cliente_389,117579.92,Master,36596.62
390,Cliente_390,124888.52,Laurea,49598.69
391,Cliente_391,148765.67,Laurea,5859.73
392,Cliente_392,73640.3,,20673.22
393,Cliente_393,68362.35,PhD,
394,Cliente_394,,Master,10997.75
395,Cliente_395,64304.46,Diploma,28199.16
396,Cliente_396,140998.45,PhD,36920.49
397,Cliente_397,131593.66,,31183.29
398,Cliente_398,75769.22,Master,10213.21
399,Cliente_399,117613.24,,18413.84
400,Cliente_400,118090.57,PhD,39405.8
401,Cliente_401,33406.1,Diploma,28157.1
402,Cliente_402,137331.88,PhD,1256.25
403,Cliente_403,85682.81,Master,38288.55
404,Cliente_404,127439.47,Diploma,2730.26
405,Cliente_405,61606.45,Master,37540.96
406,Cliente_406,136418.02,,10921.55
407,Cliente_407,70596.22,Laurea,47945.6
408,Cliente_408,21408.89,Master,19029.1
409,Cliente_409,137699.66,Master,
410,Cliente_410,31867.27,PhD,8295.51
411,Cliente_411,,Master,15974.61
412,Cliente_412,143508.06,Master,43955.89
413,Cliente_413,143578.93,Laurea,49820.38
414,Cliente_414,94546.93,Master,19047.17
415,Cliente_415,102138.84,Laurea,22981.92
416,Cliente_416,78297.92,Laurea,36381.48
417,Cliente_417,58117.4,,44423.59
418,Cliente_418,,Laurea,30059.17
419,,107427.4,Diploma,20184.76
420,Cliente_420,117808.69,PhD,21218.47
421,Cliente_421,122905.28,Diploma,
422,Cliente_422,122650.36,Master,1157.69
423,Cliente_423,31856.79,Diploma,31359.88
424,Cliente_424,84274.64,Diploma,18419.16
425,Cliente_425,27482.64,Master,39915.67
426,Cliente_426,91438.75,Master,5556.54
427,Cliente_427,77398.97,Master,29821.91
428,Cliente_428,135401.54,Diploma,
429,Cliente_429,65618.95,Diploma,32473.95
430,Cliente_430,35218.71,Master,4177.83
431,Cliente_431,38588.92,PhD,29419.21
432,Cliente_432,,PhD,28512.74
433,Cliente_433,100368.35,,28472.34
434,Cliente_434,33145.95,Master,30570.9
435,Cliente_435,30933.88,Laurea,34146.93
436,Cliente_436,111125.99,PhD,40444.46
437,Cliente_437,29459.19,Laurea,
438,Cliente_438,126841.81,Master,41427.42
439,Cliente_439,111811.49,Master,25414.53
440,,30575.34,Master,4775.86
441,Cliente_441,31028.9,Diploma,3869.0
442,,148263.15,Laurea,17377.68
443,Cliente_443,68655.2,PhD,39459.95
444,Cliente_444,68183.48,PhD,35676.37
445,Cliente_445,125663.94,,39642.13
446,Cliente_446,143142.32,,26346.18
447,,148180.14,,22569.75
448,Cliente_448,117939.16,Master,8225.17
449,Cliente_449,68913.75,PhD,17081.44
450,Cliente_450,30855.09,Diploma,22266.95
451,Cliente_451,121029.1,Master,5341.42
452,Cliente_452,92592.55,PhD,11809.99
453,Cliente_453,75148.86,,30313.04
454,,137826.07,Master,
455,Cliente_455,34455.67,,49919.03
456,Cliente_456,84041.26,,
457,Cliente_457,21475.97,Master,32485.69
458,Cliente_458,80925.88,Master,21641.15
459,Cliente_459,27319.43,Diploma,32172.69
460,Cliente_460,35446.33,Laurea,39496.93
461,Cliente_461,,PhD,6798.47
462,Cliente_462,104397.34,Laurea,21085.34
463,Cliente_463,,Master,42150.31
464,Cliente_464,95837.94,Laurea,19807.81
465,Cliente_465,145082.43,Diploma,29021.74
466,Cliente_466,68733.18,Master,29800.7
467,Cliente_467,,PhD,10039.34
468,Cliente_468,132917.89,Diploma,18749.54
469,Cliente_469,49067.46,,17391.05
470,,145218.93,PhD,2283.64
471,Cliente_471,21580.08,PhD,2185.4
472,Cliente_472,146084.25,Laurea,41753.16
473,,,,14380.47
474,Cliente_474,135848.6,PhD,26385.86
475,,88601.14,PhD,
476,Cliente_476,149085.42,Master,47093.28
477,Cliente_477,29593.55,PhD,13705.54
478,Cliente_478,92001.06,PhD,22053.18
479,Cliente_479,146009.33,Laurea,43763.78
480,Cliente_480,88002.72,Diploma,42254.74
481,Cliente_481,101821.82,Diploma,10118.97
482,Cliente_482,110447.33,Diploma,40329.52
483,Cliente_483,79090.34,Diploma,
484,Cliente_484,101582.55,,24665.47
485,Cliente_485,95960.86,,7540.52
486,Cliente_486,137150.54,Master,4949.47
487,,25908.03,,36669.03
488,Cliente_488,56525.21,Laurea,25326.6
489,Cliente_489,143553.49,,22405.68
490,Cliente_490,135734.29,Master,36745.9
491,Cliente_491,79235.38,Master,38510.13
492,Cliente_492,,Diploma,8786.5
493,Cliente_493,56059.55,PhD,30901.03
494,Cliente_494,44455.75,PhD,7632.35
495,Cliente_495,80280.79,Diploma,37817.38
496,Cliente_496,,PhD,33190.8
497,Cliente_497,95875.29,,47874.12
498,Cliente_498,30105.5,Laurea,4378.94
499,Cliente_499,146671.32,Master,3795.68
500,Cliente_500,148207.4,PhD,14827.17
501,Cliente_501,110761.02,Laurea,13823.58
502,Cliente_502,89692.53,Master,13101.96
503,,60238.59,Diploma,45406.47
504,Cliente_504,125793.35,Laurea,
505,Cliente_505,109015.05,Laurea,14325.54
506,Cliente_506,41140.2,Master,38210.51
507,Cliente_507,138420.53,Diploma,23037.25
508,Cliente_508,126929.84,Laurea,
509,Cliente_509,143473.99,PhD,4202.94
510,Cliente_510,114343.54,,24890.99
511,Cliente_511,99743.98,PhD,2647.07
512,Cliente_512,,Diploma,4070.01
513,Cliente_513,141254.7,Laurea,45415.44
514,Cliente_514,132588.31,PhD,7823.02
515,,25878.43,Diploma,27088.61
516,Cliente_516,23427.71,PhD,21143.68
517,Cliente_517,68940.24,Master,
518,Cliente_518,125371.93,Laurea,45091.83
519,Cliente_519,148345.9,,2069.35
520,Cliente_520,39554.2,Diploma,33525.69
521,,97236.99,Diploma,48206.33
522,,69515.81,Laurea,28448.24
523,Cliente_523,146088.87,PhD,46904.3
524,Cliente_524,129475.46,PhD,3560.64
525,Cliente_525,128982.73,,
526,Cliente_526,80930.11,PhD,13747.73
527,Cliente_527,73926.54,Diploma,36810.23
528,Cliente_528,55542.92,Diploma,49083.56
529,Cliente_529,27328.81,PhD,13569.97
530,Cliente_530,132413.91,Diploma,33054.56
531,Cliente_531,,Laurea,10706.78
532,,149963.3,Laurea,28701.18
533,Cliente_533,149562.79,PhD,
534,Cliente_534,92206.12,Laurea,48628.26
535,Cliente_535,119968.36,Laurea,30817.84
536,Cliente_536,,Master,18125.81
537,Cliente_537,130454.16,Master,6590.69
538,Cliente_538,52155.25,Laurea,8411.09
539,Cliente_539,,PhD,12040.53
540,Cliente_540,36790.72,Master,13297.37
541,Cliente_541,144026.63,Diploma,42680.19
542,Cliente_542,98802.7,,
543,Cliente_543,,Diploma,26646.15
544,Cliente_544,107321.09,PhD,6623.67
545,Cliente_545,100356.67,Laurea,
546,Cliente_546,66561.15,,36417.9
547,Cliente_547,34762.49,PhD,4315.75
548,Cliente_548,107304.52,Master,35683.92
549,Cliente_549,87640.0,Laurea,27633.37
550,,120401.39,Master,5004.54
551,Cliente_551,87621.26,PhD,
552,Cliente_552,130783.6,Diploma,24750.12
553,Cliente_553,91747.89,Diploma,9122.95
554,,92921.94,PhD,47339.21
555,Cliente_555,133964.97,Diploma,42648.79
556,Cliente_556,,Laurea,33782.09
557,Cliente_557,37421.98,,23652.48
558,Cliente_558,23741.75,Master,21176.51
559,Cliente_559,118167.84,PhD,32897.7
560,Cliente_560,100640.24,Laurea,27726.16
561,Cliente_561,111530.37,,4051.38
562,Cliente_562,47685.34,PhD,26112.63
563,Cliente_563,37728.29,PhD,40513.78
564,Cliente_564,,Diploma,23502.75
565,Cliente_565,65576.38,Laurea,3545.87
566,Cliente_566,96689.3,PhD,39527.63
567,Cliente_567,70991.73,PhD,10866.83
568,Cliente_568,76871.74,Laurea,13672.42
569,Cliente_569,137540.63,PhD,9070.61
570,,65273.21,Diploma,17180.54
571,Cliente_571,86818.63,Laurea,
572,Cliente_572,121874.89,Diploma,
573,Cliente_573,71550.56,Diploma,11039.18
574,Cliente_574,100871.27,Diploma,44013.67
575,Cliente_575,132107.28,Diploma,44099.51
576,Cliente_576,143437.68,Laurea,43658.34
577,Cliente_577,39119.55,Diploma,12701.01
578,,140456.39,Diploma,23110.73
579,Cliente_579,83975.12,,49264.49
580,Cliente_580,53571.77,Laurea,38828.61
581,Cliente_581,79687.65,Laurea,
582,Cliente_582,147404.23,Master,4195.02
583,,84040.35,Laurea,23732.64
584,Cliente_584,62737.71,Laurea,45551.79
585,Cliente_585,102342.11,Master,
586,Cliente_586,51218.93,Laurea,25392.81
587,Cliente_587,,Laurea,6168.21
588,,36754.36,Laurea,
589,Cliente_589,36645.96,Laurea,
590,Cliente_590,39747.35,Master,19640.58
591,Cliente_591,38047.53,Laurea,39004.98
592,Cliente_592,,Laurea,48259.36
593,Cliente_593,43644.41,Master,10984.56
594,Cliente_594,,PhD,26643.15
595,Cliente_595,136582.49,Diploma,15069.76
596,Cliente_596,81615.01,PhD,
597,Cliente_597,106782.51,Master,29302.07
598,Cliente_598,42401.58,Diploma,32094.54
599,Cliente_599,44997.57,Master,40097.79
600,,25312.92,,
601,Cliente_601,41961.56,Laurea,45839.41
602,Cliente_602,56216.74,Diploma,27118.41
603,Cliente_603,,Laurea,8739.79
604,Cliente_604,,Diploma,35099.06
605,Cliente_605,35682.66,,39869.81
606,Cliente_606,79901.24,Master,16521.32
607,Cliente_607,,PhD,43001.78
608,Cliente_608,67355.08,Diploma,45401.02
609,Cliente_609,,,14568.32
610,Cliente_610,109751.33,PhD,49192.55
611,,25110.58,PhD,7894.86
612,Cliente_612,123923.35,PhD,10898.77
613,Cliente_613,101627.05,Laurea,
614,Cliente_614,,PhD,44805.5
615,Cliente_615,,,33060.34
616,Cliente_616,139713.41,PhD,8453.11
617,Cliente_617,27940.13,Laurea,22575.85
618,Cliente_618,55994.09,Master,31149.6
619,Cliente_619,124806.17,Master,5089.74
620,Cliente_620,117273.76,Master,44238.4
621,Cliente_621,43987.73,Master,40376.57
622,Cliente_622,47215.41,Master,25755.13
623,Cliente_623,68161.37,PhD,48389.2
624,Cliente_624,82987.99,PhD,21470.29
625,Cliente_625,100373.12,PhD,49221.41
626,,67958.77,,
627,Cliente_627,,Laurea,32098.89
628,Cliente_628,117171.22,Laurea,9131.79
629,Cliente_629,24768.82,,
630,Cliente_630,52816.8,Master,21946.99
631,Cliente_631,112735.45,Master,8949.44
632,Cliente_632,136376.89,,1617.77
633,Cliente_633,86518.07,Diploma,
634,Cliente_634,89174.75,PhD,26842.58
635,,33932.36,Laurea,36248.33
636,Cliente_636,78163.61,Laurea,44622.64
637,Cliente_637,89240.24,,4890.92
638,Cliente_638,51521.17,Laurea,36843.33
639,Cliente_639,55001.62,Laurea,10183.19
640,Cliente_640,69046.94,PhD,43050.68
641,Cliente_641,22609.26,,41134.11
642,Cliente_642,61870.29,PhD,27498.89
643,Cliente_643,47488.24,Diploma,35801.9
644,Cliente_644,62574.66,Diploma,16403.16
645,Cliente_645,35569.08,Diploma,24087.23
646,Cliente_646,135768.55,Master,41260.21
647,Cliente_647,97167.02,Laurea,23503.99
648,Cliente_648,108283.3,Master,18532.12
649,Cliente_649,122592.26,Master,25216.41
650,Cliente_650,84797.49,Laurea,41584.21
651,Cliente_651,31299.64,PhD,17425.19
652,Cliente_652,89823.85,Diploma,9514.32
653,Cliente_653,96289.35,PhD,35888.69
654,Cliente_654,116907.13,Diploma,41472.93
655,Cliente_655,76115.74,Master,5931.24
656,Cliente_656,,Diploma,12753.83
657,Cliente_657,56890.87,Master,
658,Cliente_658,67200.7,PhD,18049.13
659,Cliente_659,103969.24,Master,23067.2
660,Cliente_660,94201.18,PhD,37692.49
661,Cliente_661,,Laurea,32906.23
662,,148246.98,Laurea,31425.5
663,Cliente_663,98750.73,Laurea,18266.37
664,Cliente_664,50839.48,Master,42230.93
665,Cliente_665,33231.72,Laurea,
666,Cliente_666,,Diploma,
667,,51974.5,PhD,32072.96
668,Cliente_668,40888.58,PhD,7186.97
669,Cliente_669,44253.71,Diploma,34132.7
670,Cliente_670,,,
671,Cliente_671,42538.57,Master,34630.03
672,Cliente_672,136579.51,PhD,4412.42
673,,30430.39,Laurea,
674,Cliente_674,88186.48,Master,42931.13
675,Cliente_675,73351.59,Master,12131.8
676,Cliente_676,147709.22,Diploma,42015.02
677,Cliente_677,34565.06,Diploma,14684.53
678,Cliente_678,71721.23,Laurea,
679,Cliente_679,146031.16,Master,35013.38
680,Cliente_680,132515.93,,26120.08
681,Cliente_681,126219.37,Diploma,15960.22
682,Cliente_682,53527.37,Master,11419.57
683,Cliente_683,42215.39,PhD,2626.28
684,Cliente_684,106923.62,Diploma,15893.37
685,Cliente_685,140818.88,Laurea,33004.98
686,,92379.18,Diploma,46976.94
687,Cliente_687,94309.65,Master,43689.02
688,Cliente_688,56397.28,Laurea,38537.17
689,,120034.08,Diploma,39633.92
690,,44315.69,PhD,33584.26
691,Cliente_691,62078.3,PhD,13754.06
692,Cliente_692,75306.74,Diploma,45452.56
693,Cliente_693,85989.35,PhD,33865.88
694,Cliente_694,51513.27,PhD,28461.59
695,,,PhD,6438.48
696,Cliente_696,99380.61,Laurea,22905.72
697,Cliente_697,57521.97,,23557.56
698,Cliente_698,95560.97,,43363.62
699,Cliente_699,40067.15,PhD,27785.76
700,Cliente_700,82548.21,Laurea,19639.63
701,Cliente_701,89236.63,Diploma,48863.22
702,Cliente_702,26737.06,Master,6425.31
703,Cliente_703,63758.56,PhD,21704.87
704,Cliente_704,37473.91,Diploma,3059.21
705,Cliente_705,28238.75,PhD,37255.3
706,Cliente_706,148694.83,Laurea,
707,Cliente_707,61906.0,Diploma,14721.83
708,Cliente_708,125283.68,Laurea,43058.74
709,Cliente_709,53103.29,PhD,15318.69
710,Cliente_710,108595.35,PhD,
711,Cliente_711,118829.62,Laurea,37944.13
712,,97433.04,Master,40440.43
713,Cliente_713,81304.9,Laurea,1882.32
714,Cliente_714,73539.32,PhD,48177.71
715,Cliente_715,,Laurea,36606.88
716,Cliente_716,140838.79,Master,
717,Cliente_717,127980.52,Laurea,41640.34
718,Cliente_718,145453.5,Master,14794.54
719,Cliente_719,36158.64,Master,43764.94
720,Cliente_720,115012.77,Laurea,6516.44
721,Cliente_721,141984.26,Laurea,35480.61
722,,43560.3,Diploma,27494.23
723,Cliente_723,,PhD,
724,Cliente_724,116345.68,Master,12852.8
725,Cliente_725,94681.5,Diploma,1607.8
726,Cliente_726,129437.74,Laurea,23969.63
727,Cliente_727,38170.41,PhD,15762.0
728,Cliente_728,,Diploma,30319.52
729,Cliente_729,,,15564.65
730,Cliente_730,41275.27,Diploma,15696.04
731,Cliente_731,,Master,37416.47
732,Cliente_732,125894.71,Laurea,3359.0
733,Cliente_733,106475.64,PhD,45241.85
734,Cliente_734,87998.51,PhD,42760.93
735,Cliente_735,66647.96,PhD,33722.43
736,Cliente_736,134036.07,Laurea,30067.86
737,Cliente_737,,Master,44722.82
738,Cliente_738,126157.93,Laurea,10081.18
739,Cliente_739,77087.54,PhD,4869.49
740,Cliente_740,69002.78,,
741,Cliente_741,80148.37,Laurea,
742,Cliente_742,59179.12,Laurea,2698.84
743,Cliente_743,117189.22,Master,29557.53
744,Cliente_744,85353.65,Diploma,49776.44
745,Cliente_745,50187.65,Diploma,42929.11
746,Cliente_746,136944.69,Laurea,26550.84
747,Cliente_747,69905.86,Diploma,4118.4
748,Cliente_748,90661.87,Diploma,
749,Cliente_749,,Laurea,30349.95
750,Cliente_750,101150.94,Laurea,6631.72
751,Cliente_751,35196.75,PhD,5599.01
752,Cliente_752,142178.18,Diploma,45571.71
753,,101602.05,Master,33790.81
754,Cliente_754,63537.73,,41635.05
755,Cliente_755,,PhD,44069.97
756,Cliente_756,123223.27,Master,29016.85
757,Cliente_757,100609.46,Diploma,26354.87
758,Cliente_758,89349.94,PhD,22090.94
759,Cliente_759,136206.04,Laurea,16530.38
760,Cliente_760,122517.64,Master,22295.2
761,,39717.73,Laurea,38920.1
762,,60523.87,Diploma,30494.25
763,Cliente_763,52303.59,Master,44733.64
764,Cliente_764,116713.02,Diploma,22725.62
765,Cliente_765,24359.22,Diploma,30747.39
766,Cliente_766,94085.66,PhD,31934.07
767,Cliente_767,119119.63,Laurea,29993.16
768,Cliente_768,133979.53,Master,35429.05
769,Cliente_769,,,12634.24
770,Cliente_770,126763.45,Diploma,26105.83
771,Cliente_771,34382.13,Master,6107.02
772,Cliente_772,130038.8,Diploma,19841.06
773,Cliente_773,,PhD,24895.69
774,Cliente_774,71647.35,PhD,32958.99
775,Cliente_775,123648.4,PhD,47576.02
776,Cliente_776,39489.27,PhD,30431.9
777,Cliente_777,49802.68,Diploma,37436.1
778,Cliente_778,113892.83,Master,
779,Cliente_779,113604.75,Master,32071.1
780,Cliente_780,,Master,4475.68
781,Cliente_781,110213.3,Master,13465.19
782,Cliente_782,,Laurea,18730.8
783,Cliente_783,52733.88,Master,24152.17
784,Cliente_784,64940.48,Laurea,3236.79
785,Cliente_785,43607.7,Laurea,7861.18
786,Cliente_786,138098.57,PhD,
787,Cliente_787,,Laurea,48605.1
788,Cliente_788,72110.68,Diploma,17236.0
789,Cliente_789,80060.75,Laurea,24620.01
790,Cliente_790,143146.83,PhD,10608.79
791,Cliente_791,39935.68,Laurea,30928.22
792,Cliente_792,96209.88,Diploma,14753.48
793,Cliente_793,85765.53,Diploma,
794,Cliente_794,99489.05,Diploma,26312.06
795,Cliente_795,22354.32,PhD,1269.78
796,Cliente_796,133376.11,PhD,1375.54
797,Cliente_797,141175.38,Master,11734.37
798,Cliente_798,93467.31,PhD,2799.35
799,Cliente_799,110564.61,Diploma,6293.26
800,Cliente_800,,Diploma,17604.17
801,Cliente_801,111941.02,PhD,40326.7
802,Cliente_802,39830.08,Laurea,29030.38
803,Cliente_803,94917.49,PhD,26120.72
804,Cliente_804,98872.96,PhD,15380.95
805,Cliente_805,75136.99,Diploma,46655.93
806,Cliente_806,115737.75,Master,20453.74
807,Cliente_807,141467.71,Diploma,5267.55
808,Cliente_808,140323.91,Master,31236.26
809,Cliente_809,78609.12,Diploma,6578.08
810,Cliente_810,34720.95,PhD,17915.93
811,Cliente_811,148029.36,Diploma,25863.18
812,Cliente_812,129056.75,Diploma,43836.9
813,,36206.15,Diploma,25183.78
814,Cliente_814,139709.44,PhD,35410.68
815,Cliente_815,133086.53,PhD,49648.03
816,Cliente_816,,PhD,7442.97
817,,96865.81,PhD,14461.84
818,,71870.35,Master,20334.23
819,Cliente_819,27119.01,Master,21669.58
820,,63575.64,Laurea,21140.03
821,,124370.95,PhD,45472.94
822,Cliente_822,20602.16,,35987.6
823,Cliente_823,63354.89,Diploma,30787.36
824,Cliente_824,71761.93,PhD,16159.26
825,Cliente_825,89861.43,Laurea,41365.73
826,Cliente_826,139581.23,Laurea,47797.97
827,Cliente_827,,Laurea,41238.72
828,Cliente_828,65103.92,Diploma,1076.69
829,Cliente_829,115875.16,Master,32183.67
830,Cliente_830,,Diploma,3505.63
831,Cliente_831,,PhD,13622.75
832,Cliente_832,78817.14,Laurea,3916.71
833,Cliente_833,38311.41,Diploma,30585.98
834,Cliente_834,42930.31,Diploma,34642.91
835,Cliente_835,84787.81,Master,6609.89
836,Cliente_836,74460.31,Master,19808.11
837,Cliente_837,138929.97,Laurea,
838,Cliente_838,67111.21,Diploma,19083.6
839,,95476.49,Diploma,6930.23
840,Cliente_840,,Master,21528.44
841,Cliente_841,21702.28,Diploma,37807.72
842,Cliente_842,106259.86,Diploma,4479.38
843,Cliente_843,43144.68,Diploma,4928.82
844,Cliente_844,144939.14,Master,18383.79
845,Cliente_845,39326.15,Laurea,47144.56
846,Cliente_846,73901.14,,33760.06
847,Cliente_847,31095.46,Laurea,34254.83
848,Cliente_848,149593.65,PhD,18734.08
849,Cliente_849,85285.35,Diploma,30089.38
850,Cliente_850,97400.05,,1496.43
851,Cliente_851,,,32168.71
852,Cliente_852,117494.86,Master,
853,,47287.73,Master,31016.1
854,Cliente_854,136747.06,Laurea,43811.23
855,Cliente_855,46668.15,,36474.68
856,Cliente_856,44789.4,Diploma,6907.36
857,Cliente_857,24751.46,,45220.21
858,Cliente_858,81368.7,Diploma,4255.75
859,Cliente_859,93429.35,Diploma,27164.41
860,Cliente_860,28542.12,Master,7964.72
861,Cliente_861,,Master,1573.62
862,Cliente_862,78927.55,PhD,21679.68
863,Cliente_863,88170.74,Master,15456.99
864,Cliente_864,77299.16,,24814.02
865,Cliente_865,72099.2,Laurea,29282.79
866,Cliente_866,,Master,3143.21
867,Cliente_867,40181.23,PhD,
868,Cliente_868,43650.66,Laurea,28373.48
869,Cliente_869,132032.13,PhD,17815.2
870,Cliente_870,142995.01,Master,36729.5
871,,68530.21,PhD,32962.29
872,Cliente_872,55196.81,Laurea,42434.61
873,Cliente_873,103719.94,Diploma,34932.15
874,Cliente_874,73135.44,,22066.62
875,Cliente_875,23300.23,PhD,33975.36
876,Cliente_876,40299.84,Laurea,
877,Cliente_877,,Laurea,16009.36
878,Cliente_878,105660.11,PhD,39660.27
879,Cliente_879,23522.48,Master,22874.56
880,Cliente_880,48856.38,PhD,40120.64
881,Cliente_881,50039.72,Laurea,41298.7
882,Cliente_882,107346.06,Diploma,43020.55
883,Cliente_883,22562.37,Diploma,
884,Cliente_884,33534.12,Master,22118.28
885,Cliente_885,,PhD,16624.47
886,Cliente_886,43210.81,Diploma,29527.74
887,Cliente_887,104856.99,PhD,19187.45
888,Cliente_888,50963.76,,30452.63
889,Cliente_889,32927.38,Diploma,35573.71
890,Cliente_890,51612.38,Master,34731.85
891,Cliente_891,113894.7,Laurea,19353.09
892,,131240.54,Master,9176.15
893,Cliente_893,127928.58,,22095.94
894,Cliente_894,71633.86,Diploma,7987.11
895,Cliente_895,106851.07,Master,44614.75
896,Cliente_896,46647.96,Master,17948.0
897,Cliente_897,58109.2,Laurea,8568.53
898,Cliente_898,,Master,2246.94
899,Cliente_899,21690.25,Laurea,32645.3
900,Cliente_900,31116.11,Laurea,32208.21
901,Cliente_901,47025.21,Laurea,17689.6
902,Cliente_902,23449.19,,4513.88
903,Cliente_903,43586.61,Diploma,21071.82
904,Cliente_904,95795.4,Laurea,16249.66
905,Cliente_905,74785.19,PhD,34178.91
906,Cliente_906,,Master,30683.18
907,Cliente_907,,PhD,18865.09
908,Cliente_908,64436.26,Diploma,11676.74
909,Cliente_909,53725.05,PhD,
910,Cliente_910,69360.01,Master,23246.08
911,Cliente_911,96738.34,PhD,34725.44
912,Cliente_912,54848.27,Diploma,
913,Cliente_913,101139.36,Laurea,
914,Cliente_914,,PhD,2349.3
915,Cliente_915,91766.13,Diploma,25767.3
916,Cliente_916,,Diploma,48236.85
917,Cliente_917,58280.55,Master,19826.13
918,Cliente_918,143298.93,Master,2910.8
919,,119268.75,PhD,2516.83
920,Cliente_920,38214.71,Laurea,20011.35
921,,132900.84,Diploma,8841.22
922,Cliente_922,83366.06,PhD,2144.25
923,Cliente_923,136291.79,Diploma,38054.47
924,Cliente_924,123981.18,Diploma,23467.63
925,Cliente_925,75277.76,Laurea,15172.99
926,Cliente_926,22921.01,Laurea,45104.08
927,,54928.06,PhD,
928,Cliente_928,90412.45,Laurea,47840.02
929,Cliente_929,,Laurea,16384.37
930,,53525.4,PhD,44531.78
931,Cliente_931,38116.29,Laurea,30544.2
932,Cliente_932,128540.93,Master,41508.66
933,Cliente_933,147972.28,Diploma,49216.64
934,Cliente_934,88339.72,,15131.87
935,Cliente_935,42318.31,Diploma,
936,Cliente_936,55399.95,Diploma,20084.61
937,Cliente_937,22390.79,PhD,19890.08
938,Cliente_938,138858.84,Diploma,17678.97
939,Cliente_939,35307.64,,27528.97
940,Cliente_940,94947.14,Diploma,8553.11
941,Cliente_941,55627.18,Diploma,
942,Cliente_942,92043.14,Master,27543.54
943,Cliente_943,104684.65,Diploma,38333.19
944,Cliente_944,127866.43,Master,41848.85
945,Cliente_945,46834.77,PhD,22581.63
946,Cliente_946,21429.46,Laurea,15814.33
947,Cliente_947,37795.13,Diploma,13707.41
948,Cliente_948,,Laurea,10536.57
949,Cliente_949,133605.71,Laurea,3824.73
950,Cliente_950,97663.7,,17779.95
951,Cliente_951,98067.19,Laurea,14242.14
952,Cliente_952,106454.77,Master,48354.45
953,Cliente_953,42798.27,Laurea,28327.73
954,Cliente_954,138873.55,Laurea,18016.57
955,Cliente_955,74440.17,Laurea,29442.91
956,Cliente_956,,Diploma,7820.64
957,Cliente_957,87459.3,Diploma,22758.14
958,Cliente_958,,Master,31685.48
959,,41616.84,Master,24955.99
960,Cliente_960,115944.37,Diploma,20687.16
961,Cliente_961,30763.83,Master,49698.57
962,Cliente_962,98409.77,,
963,Cliente_963,51895.38,PhD,31546.89
964,,70608.43,Laurea,28899.49
965,Cliente_965,57530.19,Laurea,
966,Cliente_966,66237.45,Master,10864.29
967,Cliente_967,,Diploma,20361.75
968,Cliente_968,58625.82,Diploma,
969,Cliente_969,93632.6,Master,24301.76
970,Cliente_970,81886.55,Diploma,27608.2
971,Cliente_971,106277.25,PhD,12159.74
972,,141787.87,Laurea,48237.41
973,Cliente_973,115234.37,Master,45563.28
974,Cliente_974,47942.25,Master,
975,Cliente_975,24053.81,Diploma,27135.94
976,Cliente_976,54094.33,Master,43628.49
977,Cliente_977,97360.13,PhD,7401.96
978,Cliente_978,26685.36,Diploma,39734.98
979,Cliente_979,84527.61,Diploma,7116.22
980,Cliente_980,97589.57,Diploma,39916.32
981,Cliente_981,63451.71,Diploma,14512.61
982,Cliente_982,120218.59,PhD,
983,Cliente_983,33857.77,Diploma,47258.06
984,Cliente_984,29767.91,Master,8291.0
985,,114664.54,PhD,23671.1
986,Cliente_986,84413.87,Laurea,49068.38
987,Cliente_987,109492.31,Laurea,24686.96
988,Cliente_988,76527.55,Master,43313.83
989,Cliente_989,52032.26,Master,29847.84
990,Cliente_990,126483.3,,19391.17
991,Cliente_991,,Laurea,15003.39
992,Cliente_992,110310.54,Laurea,10957.93
993,Cliente_993,55378.87,Laurea,
994,Cliente_994,96729.99,Laurea,
995,Cliente_995,66926.61,Laurea,26052.5
996,Cliente_996,31905.67,Diploma,25123.95
997,Cliente_997,139250.76,Master,29286.67
998,Cliente_998,,,43413.28
999,Cliente_999,143530.86,Laurea,49056.23
1000,Cliente_1000,,PhD,20971.63
