id_unita,tipo_apparato,ore_totali,cicli,temperatura,tensione_media,corrente_picco,allarmi_30gg,rul_giorni,ctrl_anomalia,ctrl_temperatura_reale
CDZ-0001,Raffreddamento,46411,2178,30.5,224.5,32.2,6,81,ok,30.5
CDZ-0002,Raffreddamento,51763,1521,29.3,231.4,33.7,2,260,ok,29.3
UPS-0003,UPS,48712,2338,27.6,222.8,29.1,4,327,ok,27.6
CDZ-0004,Raffreddamento,59876,1862,33.0,225.9,33.5,10,5,ok,33.0
CDZ-0005,Raffreddamento,3861,157,25.6,227.0,22.3,2,798,ok,25.6
CDZ-0006,Raffreddamento,4599,164,23.8,228.5,19.9,1,956,ok,23.8
UPS-0007,UPS,41885,1795,29.8,232.6,31.2,2,275,ok,29.8
UPS-0008,UPS,54113,2803,32.6,226.3,35.3,8,5,ok,32.6
CDZ-0009,Raffreddamento,17038,458,26.1,225.7,26.0,3,584,ok,26.1
CDZ-0010,Raffreddamento,59636,2335,31.0,225.7,27.2,7,53,ok,31.0
UPS-0011,UPS,22937,668,30.1,228.8,27.1,0,476,ok,30.1
UPS-0012,UPS,56317,1934,31.0,224.8,35.4,1,11,ok,31.0
CDZ-0013,Raffreddamento,13904,679,23.3,229.9,20.4,2,737,ok,23.3
UPS-0014,UPS,49782,1926,33.3,226.4,35.4,7,51,ok,33.3
CDZ-0015,Raffreddamento,10143,410,23.8,231.7,16.5,0,880,ok,23.8
CDZ-0016,Raffreddamento,46329,1564,30.2,228.6,26.1,1,325,ok,30.2
UPS-0017,UPS,23068,1135,28.8,228.7,28.1,1,482,ok,28.8
CDZ-0018,Raffreddamento,24656,1161,30.7,226.4,31.2,1,384,ok,30.7
UPS-0019,UPS,38306,1826,31.9,230.1,37.1,2,87,ok,31.9
CDZ-0020,Raffreddamento,7140,291,27.2,230.5,25.2,1,804,ok,27.2
UPS-0021,UPS,21771,648,27.4,226.2,22.2,0,675,ok,27.4
UPS-0022,UPS,14475,786,31.4,225.8,35.4,4,219,ok,31.4
UPS-0023,UPS,41667,1286,26.3,226.4,26.4,0,513,ok,26.3
CDZ-0024,Raffreddamento,52535,2721,29.9,226.3,32.8,3,211,ok,29.9
CDZ-0025,Raffreddamento,53508,2319,32.6,225.6,37.2,4,23,ok,32.6
UPS-0026,UPS,51158,1663,29.2,226.1,38.0,4,55,ok,29.2
UPS-0027,UPS,4644,120,26.1,229.3,18.2,0,1110,ok,26.1
CDZ-0028,Raffreddamento,56760,1747,31.2,224.3,33.4,4,5,ok,31.2
CDZ-0029,Raffreddamento,38671,1153,30.7,229.1,25.2,4,254,ok,30.7
CDZ-0030,Raffreddamento,31107,1416,28.6,229.1,26.4,6,308,ok,28.6
UPS-0031,UPS,15792,519,82.5,230.0,21.6,0,787,fahrenheit,28.1
CDZ-0032,Raffreddamento,5078,171,23.2,225.6,21.2,0,859,ok,23.2
UPS-0033,UPS,25655,1185,28.0,,27.4,4,484,ok,28.0
UPS-0034,UPS,40906,1327,35.8,230.0,36.4,5,33,ok,35.8
CDZ-0035,Raffreddamento,46479,2544,84.4,233.1,34.0,2,333,fahrenheit,29.1
UPS-0036,UPS,20174,569,28.3,230.2,27.2,2,520,ok,28.3
CDZ-0037,Raffreddamento,10052,538,29.0,230.2,23.3,2,658,ok,29.0
CDZ-0038,Raffreddamento,9761,333,26.0,229.5,23.9,4,720,ok,26.0
CDZ-0039,Raffreddamento,19352,566,28.3,229.4,22.5,2,739,ok,28.3
UPS-0040,UPS,50934,1620,29.7,227.8,29.7,1,265,ok,29.7
UPS-0041,UPS,5116,246,25.1,226.3,17.8,0,979,ok,25.1
UPS-0042,UPS,14011,445,29.9,226.9,32.7,8,281,ok,29.9
CDZ-0043,Raffreddamento,27506,1175,25.5,227.7,21.2,1,368,ok,25.5
UPS-0044,UPS,15548,666,29.1,232.6,25.1,3,562,ok,29.1
UPS-0045,UPS,45858,1748,30.3,225.4,25.4,3,389,ok,30.3
UPS-0046,UPS,22500,669,27.5,229.3,25.3,3,565,ok,27.5
CDZ-0047,Raffreddamento,5439,172,26.4,228.2,23.0,1,745,ok,26.4
UPS-0048,UPS,35723,2078,31.2,224.3,33.2,0,65,ok,31.2
UPS-0049,UPS,32257,899,26.1,226.8,24.5,5,566,ok,26.1
UPS-0050,UPS,49935,2408,32.5,229.2,38.2,5,5,ok,32.5
UPS-0051,UPS,25846,825,28.2,232.5,26.7,3,503,ok,28.2
UPS-0052,UPS,44610,2426,28.7,232.8,29.7,4,288,ok,28.7
UPS-0053,UPS,24019,695,81.3,229.1,24.7,2,671,fahrenheit,27.4
CDZ-0054,Raffreddamento,26050,1067,-999.0,229.9,23.0,3,514,cod_err_-999_temp,27.4
UPS-0055,UPS,29947,1484,27.5,230.0,31.8,2,282,ok,27.5
UPS-0056,UPS,48103,1433,32.8,226.0,34.4,9,5,ok,32.8
CDZ-0057,Raffreddamento,53896,1675,33.7,227.7,32.4,8,30,ok,33.7
UPS-0058,UPS,35106,1734,29.4,233.8,26.4,2,383,ok,29.4
UPS-0059,UPS,28503,1007,27.1,229.7,23.9,2,568,ok,27.1
CDZ-0060,Raffreddamento,34846,1023,29.8,226.1,29.0,6,124,ok,29.8
UPS-0061,UPS,3145,105,27.8,225.7,9999.0,1,795,cod_err_9999_corrente,27.8
CDZ-0062,Raffreddamento,27382,1228,30.4,225.9,36.8,6,160,ok,30.4
CDZ-0063,Raffreddamento,35746,1127,28.7,230.0,30.7,2,335,ok,28.7
CDZ-0064,Raffreddamento,42926,2299,30.4,228.9,31.7,2,269,ok,30.4
UPS-0065,UPS,6975,293,29.0,228.2,23.7,3,857,ok,29.0
UPS-0066,UPS,49626,1985,31.7,229.0,37.2,2,131,ok,31.7
UPS-0067,UPS,41338,1752,33.2,227.4,36.5,9,38,ok,33.2
UPS-0068,UPS,37702,985,31.5,228.1,33.2,3,244,ok,31.5
UPS-0069,UPS,54585,3093,32.1,236.4,38.4,4,103,ok,32.1
UPS-0070,UPS,48882,2490,28.0,221.4,32.0,4,368,ok,28.0
UPS-0071,UPS,33016,1254,32.7,229.2,31.3,3,258,ok,32.7
UPS-0072,UPS,58764,2562,31.7,224.8,35.7,7,5,ok,31.7
CDZ-0073,Raffreddamento,57016,3071,33.5,230.7,29.5,1,95,ok,33.5
UPS-0074,UPS,40405,1651,36.4,222.6,33.1,2,5,ok,36.4
CDZ-0075,Raffreddamento,28844,1648,30.4,228.5,27.6,5,389,ok,30.4
UPS-0076,UPS,2409,73,26.7,230.9,26.7,0,815,ok,26.7
CDZ-0077,Raffreddamento,42615,1189,32.9,225.0,28.2,3,181,ok,32.9
UPS-0078,UPS,10106,368,84.4,232.2,20.2,1,765,fahrenheit,29.1
CDZ-0079,Raffreddamento,2725,80,25.8,231.7,24.7,2,770,ok,25.8
CDZ-0080,Raffreddamento,12535,504,79.5,230.6,29.6,4,518,fahrenheit,26.4
UPS-0081,UPS,46988,1198,32.5,228.7,33.7,8,94,ok,32.5
UPS-0082,UPS,56806,2514,30.6,227.9,33.0,7,123,ok,30.6
CDZ-0083,Raffreddamento,46604,1550,32.0,230.0,34.0,5,36,ok,32.0
CDZ-0084,Raffreddamento,31556,1520,25.9,226.5,28.6,2,614,ok,25.9
CDZ-0085,Raffreddamento,10018,443,29.8,232.4,17.6,0,853,ok,29.8
UPS-0086,UPS,2381,72,75.7,226.9,25.8,4,593,fahrenheit,24.3
CDZ-0087,Raffreddamento,56744,1441,30.7,227.6,38.4,3,147,ok,30.7
UPS-0088,UPS,10718,412,29.0,226.3,28.0,1,416,ok,29.0
UPS-0089,UPS,38413,1385,30.7,230.3,32.9,2,240,ok,30.7
UPS-0090,UPS,39969,1521,31.7,228.3,33.4,7,175,ok,31.7
CDZ-0091,Raffreddamento,31483,1672,30.9,226.2,29.0,3,333,ok,30.9
UPS-0092,UPS,9050,361,28.6,228.4,21.5,0,647,ok,28.6
CDZ-0093,Raffreddamento,11845,311,31.3,224.6,32.4,6,253,ok,31.3
CDZ-0094,Raffreddamento,36627,2075,30.6,225.5,32.8,3,151,ok,30.6
UPS-0095,UPS,35322,956,30.7,228.8,24.8,3,531,ok,30.7
UPS-0096,UPS,33113,1125,28.2,226.9,28.1,2,405,ok,28.2
UPS-0097,UPS,30252,1264,29.6,228.9,29.2,2,569,ok,29.6
UPS-0098,UPS,47077,1462,32.8,222.4,36.8,4,43,ok,32.8
UPS-0099,UPS,51337,2064,33.4,227.5,27.0,1,223,ok,33.4
CDZ-0100,Raffreddamento,57568,2898,32.3,224.3,34.3,4,83,ok,32.3
UPS-0101,UPS,23214,775,28.8,229.5,31.1,5,182,ok,28.8
CDZ-0102,Raffreddamento,27342,949,29.0,,25.2,6,606,ok,29.0
CDZ-0103,Raffreddamento,2922,74,26.4,227.9,24.6,1,943,ok,26.4
CDZ-0104,Raffreddamento,40460,2163,33.2,229.3,29.9,6,15,ok,33.2
UPS-0105,UPS,56804,2699,33.7,226.2,33.6,4,53,ok,33.7
CDZ-0106,Raffreddamento,17400,524,32.8,226.6,26.0,1,578,ok,32.8
UPS-0107,UPS,56907,2372,32.9,228.2,29.4,7,5,ok,32.9
CDZ-0108,Raffreddamento,14257,533,28.7,229.7,29.0,2,471,ok,28.7
UPS-0109,UPS,9920,466,28.9,224.0,28.9,3,289,ok,28.9
CDZ-0110,Raffreddamento,31758,1136,29.7,229.9,26.2,1,503,ok,29.7
UPS-0111,UPS,42309,1244,30.5,225.3,31.5,6,136,ok,30.5
CDZ-0112,Raffreddamento,17973,944,28.1,227.4,22.3,2,644,ok,28.1
CDZ-0113,Raffreddamento,45754,2190,-999.0,,34.5,5,6,cod_err_-999_temp,31.6
UPS-0114,UPS,33480,1026,31.0,229.3,23.4,3,473,ok,31.0
CDZ-0115,Raffreddamento,57965,2315,34.6,227.7,38.9,5,13,ok,34.6
UPS-0116,UPS,2637,129,25.0,229.6,24.2,1,817,ok,25.0
UPS-0117,UPS,56460,2277,31.4,229.1,33.0,7,97,ok,31.4
CDZ-0118,Raffreddamento,32365,953,32.6,225.0,36.9,7,54,ok,32.6
UPS-0119,UPS,37041,1291,31.8,230.6,33.0,5,188,ok,31.8
CDZ-0120,Raffreddamento,31273,1800,28.8,230.7,28.6,3,293,ok,28.8
UPS-0121,UPS,55499,3178,33.2,222.7,33.6,5,117,ok,33.2
UPS-0122,UPS,9742,550,28.4,227.4,27.4,2,600,ok,28.4
UPS-0123,UPS,10469,325,23.4,229.8,21.8,0,863,ok,23.4
CDZ-0124,Raffreddamento,40807,2107,31.8,225.8,34.0,4,13,ok,31.8
UPS-0125,UPS,19975,751,29.2,224.4,24.2,2,485,ok,29.2
UPS-0126,UPS,39002,1100,32.9,224.6,30.9,2,150,ok,32.9
CDZ-0127,Raffreddamento,51858,2220,33.5,225.1,34.3,2,141,ok,33.5
CDZ-0128,Raffreddamento,8452,424,25.2,226.9,20.2,1,855,ok,25.2
CDZ-0129,Raffreddamento,20113,1017,81.1,225.7,24.2,0,573,fahrenheit,27.3
UPS-0130,UPS,13525,696,31.4,227.6,29.5,5,401,ok,31.4
UPS-0131,UPS,46743,2136,27.5,226.8,32.2,7,215,ok,27.5
UPS-0132,UPS,34536,1921,29.7,225.4,34.6,3,123,ok,29.7
CDZ-0133,Raffreddamento,41192,1684,30.2,230.0,29.5,4,287,ok,30.2
UPS-0134,UPS,4616,128,27.5,231.4,21.8,1,686,ok,27.5
UPS-0135,UPS,50852,1961,30.1,224.9,33.7,3,180,ok,30.1
CDZ-0136,Raffreddamento,3201,133,26.4,228.6,24.5,0,729,ok,26.4
CDZ-0137,Raffreddamento,4681,153,27.3,225.7,19.9,0,800,ok,27.3
UPS-0138,UPS,40064,2288,28.3,226.2,29.7,7,372,ok,28.3
UPS-0139,UPS,23499,1155,29.2,227.7,29.0,2,517,ok,29.2
UPS-0140,UPS,43089,1147,27.1,228.3,31.2,2,434,ok,27.1
UPS-0141,UPS,20865,558,30.9,229.4,22.1,5,549,ok,30.9
UPS-0142,UPS,52321,2196,32.5,231.9,31.2,4,105,ok,32.5
UPS-0143,UPS,49208,1841,28.3,225.0,35.6,2,286,ok,28.3
UPS-0144,UPS,13339,654,27.0,225.1,24.1,0,561,ok,27.0
CDZ-0145,Raffreddamento,42765,2034,33.1,224.5,36.2,4,57,ok,33.1
CDZ-0146,Raffreddamento,55127,2546,66.4,226.3,46.8,10,5,estremo_genuino,66.4
UPS-0147,UPS,26892,1004,27.8,233.5,28.8,5,297,ok,27.8
CDZ-0148,Raffreddamento,40916,1486,29.8,229.8,32.4,7,140,ok,29.8
CDZ-0149,Raffreddamento,44885,1466,34.4,229.6,37.8,2,109,ok,34.4
UPS-0150,UPS,5215,211,27.0,230.5,23.6,4,796,ok,27.0
UPS-0151,UPS,37610,1905,27.1,227.2,35.0,3,142,ok,27.1
UPS-0152,UPS,37388,2099,28.6,229.6,27.6,2,427,ok,28.6
UPS-0153,UPS,51398,2852,32.9,226.8,41.6,4,172,ok,32.9
CDZ-0154,Raffreddamento,50228,2706,29.7,228.2,32.7,5,294,ok,29.7
CDZ-0155,Raffreddamento,18502,470,24.7,228.5,22.0,1,705,ok,24.7
UPS-0156,UPS,4056,110,29.0,228.0,28.0,2,746,ok,29.0
CDZ-0157,Raffreddamento,54425,2503,36.1,226.3,30.7,4,5,ok,36.1
UPS-0158,UPS,57499,1588,30.1,230.6,34.6,5,151,ok,30.1
CDZ-0159,Raffreddamento,17950,565,29.3,227.1,28.2,2,442,ok,29.3
CDZ-0160,Raffreddamento,27335,1455,30.4,232.6,28.4,6,475,ok,30.4
UPS-0161,UPS,52778,2005,28.0,225.7,28.5,5,126,ok,28.0
CDZ-0162,Raffreddamento,49717,2873,28.3,232.1,37.1,3,139,ok,28.3
CDZ-0163,Raffreddamento,43298,1637,32.4,233.6,40.9,7,124,ok,32.4
CDZ-0164,Raffreddamento,54047,2347,36.5,224.0,35.6,6,5,ok,36.5
UPS-0165,UPS,17920,722,27.9,231.8,27.1,1,611,ok,27.9
UPS-0166,UPS,13207,611,25.6,224.8,30.9,3,514,ok,25.6
UPS-0167,UPS,43719,2436,34.0,227.3,39.1,3,9,ok,34.0
UPS-0168,UPS,26890,1210,31.3,231.6,28.3,5,389,ok,31.3
UPS-0169,UPS,47081,1851,35.1,228.2,34.3,4,5,ok,35.1
CDZ-0170,Raffreddamento,32337,1367,82.7,229.8,27.0,0,543,fahrenheit,28.2
UPS-0171,UPS,37717,988,29.6,232.3,29.8,3,398,ok,29.6
CDZ-0172,Raffreddamento,35376,1771,28.3,229.3,34.9,2,390,ok,28.3
CDZ-0173,Raffreddamento,15639,554,26.1,230.0,24.7,1,666,ok,26.1
CDZ-0174,Raffreddamento,20199,1049,26.6,226.3,22.4,0,845,ok,26.6
UPS-0175,UPS,12752,471,27.6,227.8,23.2,2,594,ok,27.6
CDZ-0176,Raffreddamento,54581,2915,37.8,229.2,33.3,7,5,ok,37.8
CDZ-0177,Raffreddamento,20051,658,26.8,226.1,21.3,2,637,ok,26.8
UPS-0178,UPS,45104,1835,35.6,225.3,39.8,2,27,ok,35.6
CDZ-0179,Raffreddamento,40681,1292,29.4,232.2,27.7,5,340,ok,29.4
CDZ-0180,Raffreddamento,28486,1121,28.8,223.7,28.9,5,299,ok,28.8
CDZ-0181,Raffreddamento,19092,1072,26.4,226.7,27.9,4,431,ok,26.4
UPS-0182,UPS,48519,1351,30.6,230.9,29.0,1,328,ok,30.6
CDZ-0183,Raffreddamento,34085,1719,30.7,228.8,28.9,2,263,ok,30.7
UPS-0184,UPS,34086,1847,27.8,230.0,28.0,1,353,ok,27.8
UPS-0185,UPS,33853,1219,26.5,228.7,29.3,2,493,ok,26.5
UPS-0186,UPS,22546,628,28.3,231.3,23.1,2,579,ok,28.3
CDZ-0187,Raffreddamento,25085,865,31.3,229.6,32.0,6,276,ok,31.3
CDZ-0188,Raffreddamento,15225,507,28.6,227.5,28.8,5,625,ok,28.6
UPS-0189,UPS,18858,534,30.1,225.7,31.1,5,317,ok,30.1
UPS-0190,UPS,6948,244,24.2,226.5,28.2,1,866,ok,24.2
UPS-0191,UPS,21049,811,28.1,232.5,22.9,5,559,ok,28.1
CDZ-0192,Raffreddamento,14893,434,27.6,227.4,29.6,4,543,ok,27.6
CDZ-0193,Raffreddamento,56346,2897,30.1,225.4,36.8,8,40,ok,30.1
UPS-0194,UPS,38964,2211,36.3,228.2,31.9,3,137,ok,36.3
UPS-0195,UPS,58517,2478,31.8,226.6,34.4,4,5,ok,31.8
UPS-0196,UPS,58645,3296,32.5,224.8,42.1,6,5,ok,32.5
CDZ-0197,Raffreddamento,19507,800,85.5,230.4,33.3,0,433,fahrenheit,29.7
UPS-0198,UPS,42523,1802,31.6,226.7,28.0,2,420,ok,31.6
CDZ-0199,Raffreddamento,21524,957,30.0,231.2,26.5,2,641,ok,30.0
UPS-0200,UPS,3144,183,28.5,233.4,23.7,1,760,ok,28.5
CDZ-0201,Raffreddamento,52542,2624,31.8,229.0,33.2,6,90,ok,31.8
CDZ-0202,Raffreddamento,46758,1743,34.2,224.9,35.0,2,64,ok,34.2
CDZ-0203,Raffreddamento,10858,284,26.2,229.5,22.5,4,747,ok,26.2
UPS-0204,UPS,26471,1011,34.9,228.3,32.5,2,308,ok,34.9
UPS-0205,UPS,34284,1281,31.1,227.6,31.0,4,298,ok,31.1
UPS-0206,UPS,41051,2126,29.9,,32.6,3,209,ok,29.9
UPS-0207,UPS,15291,626,23.0,232.1,22.0,1,983,ok,23.0
CDZ-0208,Raffreddamento,56412,1889,84.2,226.8,35.9,9,104,fahrenheit,29.0
UPS-0209,UPS,50132,2171,34.5,223.1,36.7,3,21,ok,34.5
UPS-0210,UPS,53125,2177,27.6,229.8,38.1,6,191,ok,27.6
CDZ-0211,Raffreddamento,24751,728,24.3,229.2,22.1,1,621,ok,24.3
CDZ-0212,Raffreddamento,49886,1488,32.0,228.3,34.5,3,249,ok,32.0
UPS-0213,UPS,5758,328,-999.0,229.3,27.8,0,884,cod_err_-999_temp,26.8
UPS-0214,UPS,19639,720,26.1,226.4,25.9,6,508,ok,26.1
CDZ-0215,Raffreddamento,33849,1576,31.1,229.0,25.0,2,379,ok,31.1
CDZ-0216,Raffreddamento,22549,634,31.1,229.8,28.6,3,401,ok,31.1
UPS-0217,UPS,30453,1715,33.1,226.6,28.9,4,48,ok,33.1
UPS-0218,UPS,25155,1403,29.2,229.1,30.2,0,656,ok,29.2
CDZ-0219,Raffreddamento,45453,1532,28.1,224.5,32.2,5,159,ok,28.1
UPS-0220,UPS,46994,1953,33.0,227.7,36.8,1,159,ok,33.0
CDZ-0221,Raffreddamento,42105,2145,31.7,227.0,34.3,5,153,ok,31.7
UPS-0222,UPS,25645,886,30.0,223.7,30.8,7,141,ok,30.0
UPS-0223,UPS,47639,1231,34.4,228.6,38.4,4,5,ok,34.4
UPS-0224,UPS,38380,1660,30.7,228.1,30.2,5,167,ok,30.7
UPS-0225,UPS,10642,412,28.1,231.0,29.7,2,625,ok,28.1
CDZ-0226,Raffreddamento,37045,1325,31.3,229.5,32.2,3,396,ok,31.3
UPS-0227,UPS,28243,818,80.2,224.5,35.4,5,189,fahrenheit,26.8
CDZ-0228,Raffreddamento,33209,1396,29.9,231.9,24.7,1,389,ok,29.9
UPS-0229,UPS,25509,1069,30.1,230.1,28.8,0,539,ok,30.1
CDZ-0230,Raffreddamento,6983,210,30.3,225.0,26.5,0,661,ok,30.3
CDZ-0231,Raffreddamento,48944,2138,28.4,225.3,29.4,5,365,ok,28.4
CDZ-0232,Raffreddamento,20433,1128,28.6,228.4,28.1,3,367,ok,28.6
UPS-0233,UPS,20619,899,27.9,228.7,29.9,1,455,ok,27.9
UPS-0234,UPS,35697,1365,79.9,228.8,29.5,4,381,fahrenheit,26.6
UPS-0235,UPS,55294,1797,30.6,230.2,27.7,2,280,ok,30.6
CDZ-0236,Raffreddamento,52054,2838,60.1,227.3,47.0,18,5,estremo_genuino,60.1
UPS-0237,UPS,32047,1601,31.4,228.4,28.2,1,498,ok,31.4
CDZ-0238,Raffreddamento,26927,1230,26.7,,30.3,2,596,ok,26.7
CDZ-0239,Raffreddamento,54349,2220,33.3,229.2,34.7,2,22,ok,33.3
UPS-0240,UPS,45425,2357,29.3,220.5,32.1,2,177,ok,29.3
UPS-0241,UPS,3746,214,24.7,231.1,29.7,2,728,ok,24.7
UPS-0242,UPS,5505,178,26.7,231.1,20.8,0,807,ok,26.7
UPS-0243,UPS,19442,753,28.2,232.4,25.9,1,678,ok,28.2
UPS-0244,UPS,55425,2740,34.7,226.5,42.5,8,5,ok,34.7
UPS-0245,UPS,38827,1015,30.5,224.4,25.3,1,518,ok,30.5
UPS-0246,UPS,35680,1791,28.7,227.6,22.8,0,387,ok,28.7
UPS-0247,UPS,58251,3294,69.5,233.5,47.2,20,5,estremo_genuino,69.5
UPS-0248,UPS,51458,2325,32.9,232.5,29.7,1,395,ok,32.9
UPS-0249,UPS,57622,1933,32.9,225.5,33.7,6,5,ok,32.9
CDZ-0250,Raffreddamento,30192,904,25.9,229.4,22.9,0,717,ok,25.9
CDZ-0251,Raffreddamento,55887,2297,34.0,226.5,33.1,8,5,ok,34.0
CDZ-0252,Raffreddamento,40141,2065,30.0,228.0,38.6,3,153,ok,30.0
UPS-0253,UPS,57615,3351,31.1,228.6,38.8,6,5,ok,31.1
UPS-0254,UPS,8119,295,-999.0,224.1,25.9,1,469,cod_err_-999_temp,28.6
UPS-0255,UPS,41232,1606,30.1,226.0,29.7,3,240,ok,30.1
UPS-0256,UPS,56256,2225,32.1,226.4,37.7,4,138,ok,32.1
UPS-0257,UPS,26834,737,29.1,229.4,29.9,0,303,ok,29.1
CDZ-0258,Raffreddamento,35657,1667,35.0,227.6,36.1,4,159,ok,35.0
UPS-0259,UPS,16398,730,-999.0,221.6,24.8,3,572,cod_err_-999_temp,26.3
UPS-0260,UPS,20426,543,26.6,225.5,26.2,5,393,ok,26.6
UPS-0261,UPS,42112,1389,32.8,,32.5,4,102,ok,32.8
CDZ-0262,Raffreddamento,36920,959,30.7,223.8,34.2,4,113,ok,30.7
UPS-0263,UPS,38080,1035,30.5,,28.3,5,331,ok,30.5
CDZ-0264,Raffreddamento,43255,2487,28.8,230.2,30.9,2,296,ok,28.8
UPS-0265,UPS,44970,1397,30.0,228.2,34.1,8,5,ok,30.0
CDZ-0266,Raffreddamento,42992,2215,29.7,228.3,34.8,10,63,ok,29.7
UPS-0267,UPS,8132,432,27.2,230.0,26.9,4,627,ok,27.2
UPS-0268,UPS,47405,2459,31.9,226.2,31.8,5,327,ok,31.9
CDZ-0269,Raffreddamento,17313,657,28.4,228.6,25.7,4,799,ok,28.4
CDZ-0270,Raffreddamento,27268,1548,31.8,225.8,28.6,5,291,ok,31.8
UPS-0271,UPS,40264,1174,31.8,228.2,28.4,4,308,ok,31.8
UPS-0272,UPS,7696,334,30.2,231.5,29.4,1,616,ok,30.2
UPS-0273,UPS,2002,102,27.3,228.3,23.3,3,747,ok,27.3
CDZ-0274,Raffreddamento,47664,2730,30.7,226.5,31.8,3,166,ok,30.7
CDZ-0275,Raffreddamento,46350,1997,28.8,229.1,39.5,7,164,ok,28.8
CDZ-0276,Raffreddamento,54943,1947,30.6,229.8,33.1,3,19,ok,30.6
UPS-0277,UPS,2647,82,27.1,231.0,15.7,1,923,ok,27.1
CDZ-0278,Raffreddamento,33770,1518,27.9,230.3,23.9,3,331,ok,27.9
UPS-0279,UPS,14154,755,28.3,,22.3,0,965,ok,28.3
UPS-0280,UPS,35804,1693,80.9,227.4,26.7,5,402,fahrenheit,27.1
CDZ-0281,Raffreddamento,21307,744,24.7,228.9,33.6,3,515,ok,24.7
UPS-0282,UPS,45814,1753,34.9,230.8,30.5,2,93,ok,34.9
UPS-0283,UPS,42598,2122,32.7,231.5,32.7,5,227,ok,32.7
UPS-0284,UPS,58875,3357,30.2,226.1,35.9,3,88,ok,30.2
CDZ-0285,Raffreddamento,9351,525,23.6,228.3,21.2,3,867,ok,23.6
CDZ-0286,Raffreddamento,58774,1737,35.5,226.2,33.0,5,66,ok,35.5
CDZ-0287,Raffreddamento,8143,321,26.8,234.4,22.8,1,649,ok,26.8
UPS-0288,UPS,41209,1550,29.2,227.3,34.0,4,289,ok,29.2
UPS-0289,UPS,34043,1560,30.1,229.3,32.6,3,267,ok,30.1
CDZ-0290,Raffreddamento,34826,1949,25.6,226.3,24.5,0,550,ok,25.6
UPS-0291,UPS,23731,999,28.2,230.7,22.9,1,627,ok,28.2
UPS-0292,UPS,31926,1057,29.0,,31.0,5,404,ok,29.0
CDZ-0293,Raffreddamento,19844,638,-999.0,228.4,26.9,5,544,cod_err_-999_temp,23.8
CDZ-0294,Raffreddamento,17811,947,33.2,233.4,23.9,5,425,ok,33.2
CDZ-0295,Raffreddamento,37267,1765,24.8,229.0,31.7,6,257,ok,24.8
CDZ-0296,Raffreddamento,35891,1799,30.8,224.3,24.6,4,245,ok,30.8
UPS-0297,UPS,30971,1520,27.8,229.5,32.6,1,353,ok,27.8
CDZ-0298,Raffreddamento,27654,782,23.4,231.5,25.8,1,764,ok,23.4
UPS-0299,UPS,56132,2206,35.4,224.4,25.6,0,43,ok,35.4
CDZ-0300,Raffreddamento,37439,1290,28.6,227.5,32.1,2,198,ok,28.6
UPS-0301,UPS,43865,2472,29.8,230.5,30.0,5,250,ok,29.8
UPS-0302,UPS,8958,428,27.2,229.5,25.5,1,808,ok,27.2
UPS-0303,UPS,26220,971,30.4,232.3,31.5,3,368,ok,30.4
CDZ-0304,Raffreddamento,18043,928,33.0,227.8,32.2,4,229,ok,33.0
CDZ-0305,Raffreddamento,14280,809,-999.0,226.4,28.2,1,487,cod_err_-999_temp,30.7
CDZ-0306,Raffreddamento,20734,1023,28.3,229.2,30.7,4,428,ok,28.3
UPS-0307,UPS,53064,1814,33.2,222.1,31.0,6,130,ok,33.2
CDZ-0308,Raffreddamento,15674,424,28.3,226.4,23.2,3,494,ok,28.3
CDZ-0309,Raffreddamento,35601,2022,31.4,231.6,28.2,1,238,ok,31.4
UPS-0310,UPS,3608,147,30.6,226.1,27.7,4,405,ok,30.6
UPS-0311,UPS,30679,1311,30.6,234.4,29.7,4,313,ok,30.6
UPS-0312,UPS,20717,706,30.9,229.9,29.4,3,447,ok,30.9
CDZ-0313,Raffreddamento,41558,2285,29.8,228.8,36.0,2,251,ok,29.8
CDZ-0314,Raffreddamento,38503,1491,31.0,226.1,28.4,2,443,ok,31.0
UPS-0315,UPS,27445,697,31.5,233.0,28.9,4,286,ok,31.5
UPS-0316,UPS,7544,394,27.3,229.2,20.9,1,869,ok,27.3
UPS-0317,UPS,19397,838,78.1,228.0,20.6,4,685,fahrenheit,25.6
UPS-0318,UPS,57401,1532,36.0,226.4,44.9,8,5,ok,36.0
CDZ-0319,Raffreddamento,25250,1214,28.9,230.1,32.6,4,424,ok,28.9
UPS-0320,UPS,40873,1262,32.8,228.5,32.2,2,172,ok,32.8
UPS-0321,UPS,37542,1848,31.6,225.1,27.4,5,272,ok,31.6
UPS-0322,UPS,22243,1100,28.0,230.7,21.6,3,541,ok,28.0
CDZ-0323,Raffreddamento,32222,989,32.5,225.5,30.5,1,403,ok,32.5
UPS-0324,UPS,26389,1261,29.8,230.1,25.0,1,360,ok,29.8
CDZ-0325,Raffreddamento,29522,1275,26.1,230.0,25.1,3,491,ok,26.1
CDZ-0326,Raffreddamento,15756,470,27.3,223.9,31.8,4,411,ok,27.3
CDZ-0327,Raffreddamento,47777,1578,33.5,224.8,35.2,1,132,ok,33.5
UPS-0328,UPS,12126,582,27.4,226.5,27.4,1,493,ok,27.4
UPS-0329,UPS,9508,455,28.3,225.8,25.6,3,534,ok,28.3
CDZ-0330,Raffreddamento,20766,549,26.7,230.8,33.7,1,497,ok,26.7
CDZ-0331,Raffreddamento,57835,2079,29.2,229.4,37.3,2,158,ok,29.2
UPS-0332,UPS,56231,1641,85.9,227.5,27.1,5,259,fahrenheit,29.9
UPS-0333,UPS,42763,2224,30.7,224.3,32.7,4,106,ok,30.7
CDZ-0334,Raffreddamento,39715,1737,31.4,229.4,28.2,2,297,ok,31.4
UPS-0335,UPS,20378,1099,29.2,227.1,26.6,1,544,ok,29.2
UPS-0336,UPS,15150,805,26.5,232.2,20.1,3,799,ok,26.5
CDZ-0337,Raffreddamento,59633,2464,35.6,,31.3,9,29,ok,35.6
UPS-0338,UPS,45302,2172,30.1,225.3,30.3,8,148,ok,30.1
UPS-0339,UPS,48295,2176,36.7,231.0,39.9,2,18,ok,36.7
CDZ-0340,Raffreddamento,6489,343,26.0,228.2,25.4,0,666,ok,26.0
UPS-0341,UPS,6317,221,85.3,233.7,24.1,3,834,fahrenheit,29.6
CDZ-0342,Raffreddamento,24427,1043,26.6,228.4,29.2,1,561,ok,26.6
CDZ-0343,Raffreddamento,30466,1281,29.9,226.8,35.0,3,112,ok,29.9
UPS-0344,UPS,54929,2308,35.4,227.1,28.7,7,18,ok,35.4
UPS-0345,UPS,31146,1753,29.6,227.5,30.6,8,316,ok,29.6
CDZ-0346,Raffreddamento,26440,707,33.7,229.3,26.3,4,620,ok,33.7
UPS-0347,UPS,4898,135,31.4,228.4,31.7,2,354,ok,31.4
UPS-0348,UPS,12391,527,23.7,233.2,18.2,0,1037,ok,23.7
UPS-0349,UPS,58795,2419,32.3,229.0,43.9,4,5,ok,32.3
UPS-0350,UPS,32882,1156,32.2,228.8,29.8,6,231,ok,32.2
UPS-0351,UPS,52078,2821,36.8,230.2,37.2,7,5,ok,36.8
CDZ-0352,Raffreddamento,12816,523,24.6,230.8,22.0,1,884,ok,24.6
UPS-0353,UPS,19228,692,29.9,228.4,24.1,2,567,ok,29.9
UPS-0354,UPS,15394,406,25.7,225.2,19.1,1,814,ok,25.7
CDZ-0355,Raffreddamento,44643,2043,81.4,227.4,27.9,5,253,fahrenheit,27.4
UPS-0356,UPS,51597,1830,35.5,230.7,42.2,5,19,ok,35.5
CDZ-0357,Raffreddamento,41134,2105,30.3,229.6,33.5,4,54,ok,30.3
UPS-0358,UPS,59027,1496,32.1,227.9,9999.0,4,44,cod_err_9999_corrente,32.1
CDZ-0359,Raffreddamento,36534,1847,31.7,225.6,29.9,7,177,ok,31.7
UPS-0360,UPS,56824,1492,31.7,230.8,34.0,5,62,ok,31.7
UPS-0361,UPS,9523,322,27.2,235.6,35.2,2,438,ok,27.2
UPS-0362,UPS,42932,1563,32.4,223.3,34.0,4,256,ok,32.4
CDZ-0363,Raffreddamento,48384,2290,29.6,231.2,26.4,5,321,ok,29.6
CDZ-0364,Raffreddamento,48799,2309,32.5,230.7,38.9,5,5,ok,32.5
CDZ-0365,Raffreddamento,9552,390,23.2,231.4,20.8,2,787,ok,23.2
CDZ-0366,Raffreddamento,4776,235,27.3,228.3,24.6,0,828,ok,27.3
CDZ-0367,Raffreddamento,19173,941,29.2,227.1,27.2,2,437,ok,29.2
UPS-0368,UPS,21740,679,25.6,225.0,21.5,6,459,ok,25.6
CDZ-0369,Raffreddamento,54617,2919,65.0,,46.7,15,5,estremo_genuino,65.0
UPS-0370,UPS,40313,1166,85.1,222.0,32.7,4,164,fahrenheit,29.5
CDZ-0371,Raffreddamento,9014,405,27.2,229.1,25.6,6,311,ok,27.2
CDZ-0372,Raffreddamento,35740,1661,30.4,226.7,29.4,1,300,ok,30.4
UPS-0373,UPS,51189,2440,28.0,,33.1,7,211,ok,28.0
UPS-0374,UPS,21054,1049,33.3,228.8,38.7,3,240,ok,33.3
UPS-0375,UPS,26729,1081,30.8,225.6,24.9,2,458,ok,30.8
CDZ-0376,Raffreddamento,32764,1880,30.0,226.8,27.4,4,399,ok,30.0
UPS-0377,UPS,18631,509,28.7,232.5,32.1,2,340,ok,28.7
UPS-0378,UPS,53240,2391,29.0,225.5,34.9,8,105,ok,29.0
UPS-0379,UPS,43356,1808,30.4,,9999.0,4,335,cod_err_9999_corrente,30.4
UPS-0380,UPS,24504,1075,29.6,229.1,26.3,6,439,ok,29.6
CDZ-0381,Raffreddamento,32336,1019,30.5,230.4,30.6,6,277,ok,30.5
CDZ-0382,Raffreddamento,3779,146,24.6,224.7,19.0,0,865,ok,24.6
UPS-0383,UPS,32307,1468,29.3,227.0,30.4,8,100,ok,29.3
UPS-0384,UPS,48812,1543,32.3,223.4,35.1,2,155,ok,32.3
CDZ-0385,Raffreddamento,37849,948,27.7,225.0,38.2,4,121,ok,27.7
UPS-0386,UPS,35174,1185,30.7,225.3,39.6,3,217,ok,30.7
CDZ-0387,Raffreddamento,25680,1331,27.9,227.9,24.9,1,709,ok,27.9
CDZ-0388,Raffreddamento,31023,1107,25.6,224.0,9999.0,8,169,cod_err_9999_corrente,25.6
CDZ-0389,Raffreddamento,13732,592,29.9,229.6,26.5,3,683,ok,29.9
UPS-0390,UPS,56209,1917,31.8,228.1,33.1,0,225,ok,31.8
UPS-0391,UPS,44882,2584,33.0,226.6,34.5,2,46,ok,33.0
UPS-0392,UPS,57666,2681,68.5,,49.4,19,5,estremo_genuino,68.5
UPS-0393,UPS,11053,437,27.3,231.7,24.9,2,671,ok,27.3
CDZ-0394,Raffreddamento,51233,1685,30.7,227.6,34.7,3,154,ok,30.7
CDZ-0395,Raffreddamento,37950,1136,30.3,223.9,33.9,2,134,ok,30.3
UPS-0396,UPS,48363,1701,31.4,231.7,31.4,2,331,ok,31.4
CDZ-0397,Raffreddamento,23477,1323,28.5,226.9,27.8,4,283,ok,28.5
CDZ-0398,Raffreddamento,46796,1519,32.8,227.4,42.9,4,235,ok,32.8
UPS-0399,UPS,35845,1229,33.2,227.2,33.6,1,336,ok,33.2
CDZ-0400,Raffreddamento,11038,497,30.4,233.7,9999.0,2,486,cod_err_9999_corrente,30.4
UPS-0401,UPS,20792,554,23.5,231.8,25.6,3,567,ok,23.5
UPS-0402,UPS,5113,158,-999.0,231.7,18.4,1,840,cod_err_-999_temp,25.5
UPS-0403,UPS,56886,2549,32.6,225.9,30.9,8,73,ok,32.6
UPS-0404,UPS,20747,766,26.0,230.1,21.6,1,740,ok,26.0
UPS-0405,UPS,7569,292,28.0,231.7,28.7,0,815,ok,28.0
UPS-0406,UPS,56239,2680,33.2,226.2,36.4,5,126,ok,33.2
CDZ-0407,Raffreddamento,6483,173,31.7,227.5,25.7,0,632,ok,31.7
UPS-0408,UPS,7784,376,19.6,233.4,19.4,2,1016,ok,19.6
UPS-0409,UPS,21864,892,31.6,228.2,26.8,6,351,ok,31.6
UPS-0410,UPS,14246,381,27.1,226.3,19.9,4,633,ok,27.1
UPS-0411,UPS,57461,1918,34.0,224.1,41.8,2,103,ok,34.0
UPS-0412,UPS,43634,2399,30.2,228.0,31.4,5,283,ok,30.2
CDZ-0413,Raffreddamento,27174,1057,29.0,226.6,25.7,1,388,ok,29.0
UPS-0414,UPS,45130,1788,27.0,222.3,34.5,2,370,ok,27.0
CDZ-0415,Raffreddamento,34411,1344,30.1,226.1,25.0,4,247,ok,30.1
UPS-0416,UPS,23765,973,29.0,228.3,9999.0,0,548,cod_err_9999_corrente,29.0
CDZ-0417,Raffreddamento,20682,943,32.1,230.3,29.4,6,311,ok,32.1
UPS-0418,UPS,35369,1728,30.0,231.2,37.5,1,290,ok,30.0
UPS-0419,UPS,42346,2350,31.0,225.7,38.0,1,179,ok,31.0
UPS-0420,UPS,21200,873,27.2,227.4,25.8,1,578,ok,27.2
CDZ-0421,Raffreddamento,32638,1792,23.6,230.1,24.4,1,561,ok,23.6
UPS-0422,UPS,3590,144,27.5,225.3,24.3,2,594,ok,27.5
UPS-0423,UPS,5007,235,23.3,229.8,27.6,1,629,ok,23.3
UPS-0424,UPS,4440,114,23.4,226.5,19.1,1,1132,ok,23.4
CDZ-0425,Raffreddamento,32178,1681,33.8,224.9,31.8,3,67,ok,33.8
CDZ-0426,Raffreddamento,7981,251,24.8,230.8,24.9,0,957,ok,24.8
CDZ-0427,Raffreddamento,8602,326,27.0,230.9,24.5,0,826,ok,27.0
UPS-0428,UPS,51983,1612,27.9,227.0,39.3,5,69,ok,27.9
CDZ-0429,Raffreddamento,21525,1055,31.9,230.4,33.3,3,250,ok,31.9
CDZ-0430,Raffreddamento,15662,705,28.9,224.8,32.8,1,450,ok,28.9
UPS-0431,UPS,48692,2768,29.8,,30.7,2,57,ok,29.8
UPS-0432,UPS,14291,640,26.1,229.2,25.8,1,669,ok,26.1
UPS-0433,UPS,28648,842,26.7,230.1,25.0,3,419,ok,26.7
CDZ-0434,Raffreddamento,22296,712,26.7,228.6,28.4,1,645,ok,26.7
UPS-0435,UPS,46475,1175,27.9,,32.6,3,349,ok,27.9
CDZ-0436,Raffreddamento,54995,3033,30.4,229.9,38.7,7,46,ok,30.4
CDZ-0437,Raffreddamento,11012,285,26.2,224.4,18.0,2,790,ok,26.2
UPS-0438,UPS,22887,1006,31.5,230.2,24.9,4,374,ok,31.5
CDZ-0439,Raffreddamento,19001,873,28.5,225.9,26.9,4,382,ok,28.5
CDZ-0440,Raffreddamento,28088,1225,29.5,231.6,35.3,1,286,ok,29.5
UPS-0441,UPS,15617,627,26.0,225.9,28.9,0,588,ok,26.0
UPS-0442,UPS,14262,458,26.6,230.6,28.9,3,497,ok,26.6
CDZ-0443,Raffreddamento,32610,916,27.1,227.8,29.2,4,325,ok,27.1
UPS-0444,UPS,53774,2861,64.9,228.1,50.7,20,5,estremo_genuino,64.9
UPS-0445,UPS,6200,270,26.9,230.6,22.1,2,586,ok,26.9
UPS-0446,UPS,54796,3042,32.7,236.4,34.8,3,52,ok,32.7
UPS-0447,UPS,27633,861,27.4,225.1,30.5,2,569,ok,27.4
CDZ-0448,Raffreddamento,13833,486,26.1,228.8,28.1,2,613,ok,26.1
UPS-0449,UPS,22817,1213,28.9,226.0,24.6,2,681,ok,28.9
UPS-0450,UPS,51561,2409,29.0,227.5,25.2,4,257,ok,29.0
UPS-0451,UPS,57328,2852,66.1,229.8,49.3,10,5,estremo_genuino,66.1
CDZ-0452,Raffreddamento,10242,301,25.5,227.0,27.5,2,825,ok,25.5
UPS-0453,UPS,51226,2492,32.8,230.4,33.5,2,230,ok,32.8
CDZ-0454,Raffreddamento,38059,1286,30.0,224.7,26.6,3,560,ok,30.0
UPS-0455,UPS,37218,2105,28.7,231.3,22.3,3,359,ok,28.7
UPS-0456,UPS,47869,1486,28.5,,37.3,4,47,ok,28.5
UPS-0457,UPS,14428,592,29.1,228.9,17.7,1,902,ok,29.1
UPS-0458,UPS,55642,2445,29.7,231.1,31.1,5,213,ok,29.7
UPS-0459,UPS,9161,252,24.0,230.8,21.7,2,846,ok,24.0
CDZ-0460,Raffreddamento,40806,1819,29.3,227.7,34.3,0,167,ok,29.3
UPS-0461,UPS,48945,2276,27.3,228.8,34.5,4,406,ok,27.3
CDZ-0462,Raffreddamento,39408,993,33.6,231.0,26.1,5,251,ok,33.6
UPS-0463,UPS,58427,1678,28.3,226.2,37.7,9,5,ok,28.3
UPS-0464,UPS,53019,2075,34.2,225.7,35.5,2,129,ok,34.2
UPS-0465,UPS,22208,1215,28.0,222.1,33.3,2,408,ok,28.0
CDZ-0466,Raffreddamento,10104,385,30.4,230.5,27.0,0,751,ok,30.4
CDZ-0467,Raffreddamento,31120,1731,30.4,230.4,32.6,4,182,ok,30.4
UPS-0468,UPS,9474,448,25.8,229.2,22.4,1,753,ok,25.8
UPS-0469,UPS,16620,871,31.2,231.8,28.8,3,488,ok,31.2
CDZ-0470,Raffreddamento,27358,1476,30.8,227.2,23.7,4,389,ok,30.8
CDZ-0471,Raffreddamento,13789,405,30.0,227.8,27.3,8,347,ok,30.0
UPS-0472,UPS,30308,1289,29.6,229.5,34.2,2,283,ok,29.6
CDZ-0473,Raffreddamento,20869,960,28.7,,31.4,2,574,ok,28.7
CDZ-0474,Raffreddamento,26151,1272,28.7,227.3,26.8,4,351,ok,28.7
CDZ-0475,Raffreddamento,24906,1368,31.2,230.5,26.3,5,265,ok,31.2
CDZ-0476,Raffreddamento,51224,1883,27.4,232.3,29.0,2,313,ok,27.4
UPS-0477,UPS,24921,1264,30.1,226.5,31.1,5,182,ok,30.1
CDZ-0478,Raffreddamento,15546,518,30.0,229.0,25.5,3,535,ok,30.0
CDZ-0479,Raffreddamento,34707,1153,29.7,229.8,35.0,2,280,ok,29.7
UPS-0480,UPS,21083,795,27.4,230.6,28.7,3,233,ok,27.4
CDZ-0481,Raffreddamento,21533,752,26.4,229.0,22.5,1,702,ok,26.4
UPS-0482,UPS,6812,339,23.7,228.0,21.2,1,981,ok,23.7
CDZ-0483,Raffreddamento,56462,2462,33.2,,27.6,6,56,ok,33.2
UPS-0484,UPS,39495,1170,30.1,227.9,31.0,2,236,ok,30.1
UPS-0485,UPS,27556,959,29.5,230.4,26.8,4,377,ok,29.5
CDZ-0486,Raffreddamento,26553,1020,25.2,229.0,23.3,6,483,ok,25.2
UPS-0487,UPS,16661,431,22.1,231.5,25.2,0,814,ok,22.1
UPS-0488,UPS,7850,362,29.9,234.1,25.7,2,649,ok,29.9
UPS-0489,UPS,13836,750,32.7,229.5,30.0,5,413,ok,32.7
CDZ-0490,Raffreddamento,51262,1655,29.4,226.1,32.0,5,159,ok,29.4
CDZ-0491,Raffreddamento,25259,1259,29.8,225.1,31.6,1,334,ok,29.8
UPS-0492,UPS,21144,755,29.3,229.2,34.3,6,234,ok,29.3
UPS-0493,UPS,47747,1616,28.6,227.5,26.6,1,340,ok,28.6
CDZ-0494,Raffreddamento,43355,2064,83.6,226.5,30.6,3,170,fahrenheit,28.6
CDZ-0495,Raffreddamento,24860,1150,28.1,226.0,29.7,1,405,ok,28.1
UPS-0496,UPS,5644,232,26.8,229.8,22.8,2,824,ok,26.8
UPS-0497,UPS,14084,601,28.1,227.8,18.5,0,910,ok,28.1
UPS-0498,UPS,16186,540,26.6,224.6,31.5,2,478,ok,26.6
UPS-0499,UPS,14153,737,26.6,234.9,30.5,1,484,ok,26.6
CDZ-0500,Raffreddamento,37990,2162,27.9,228.9,33.4,2,511,ok,27.9
CDZ-0501,Raffreddamento,36004,2088,32.4,225.7,34.9,8,5,ok,32.4
UPS-0502,UPS,23310,789,23.9,231.5,22.4,1,727,ok,23.9
CDZ-0503,Raffreddamento,10115,572,23.2,231.1,20.6,1,1046,ok,23.2
UPS-0504,UPS,19828,865,29.8,228.6,24.3,1,499,ok,29.8
UPS-0505,UPS,20357,694,33.9,228.9,25.5,3,518,ok,33.9
CDZ-0506,Raffreddamento,23824,637,28.5,230.1,30.4,6,160,ok,28.5
UPS-0507,UPS,32359,833,28.2,226.7,23.7,4,324,ok,28.2
UPS-0508,UPS,3546,98,27.9,229.8,20.7,1,1022,ok,27.9
UPS-0509,UPS,13701,570,26.1,233.7,18.3,0,723,ok,26.1
UPS-0510,UPS,26980,1222,28.4,229.8,26.5,0,499,ok,28.4
CDZ-0511,Raffreddamento,24142,1192,33.2,,32.0,3,286,ok,33.2
CDZ-0512,Raffreddamento,8763,231,28.2,229.3,23.8,2,724,ok,28.2
CDZ-0513,Raffreddamento,4827,137,27.5,231.8,18.8,1,1010,ok,27.5
UPS-0514,UPS,6237,336,26.4,231.6,18.4,4,769,ok,26.4
UPS-0515,UPS,59693,1643,33.9,228.7,9999.0,4,48,cod_err_9999_corrente,33.9
UPS-0516,UPS,10572,348,24.5,230.4,19.2,3,754,ok,24.5
UPS-0517,UPS,46481,1309,29.2,224.7,31.6,2,185,ok,29.2
UPS-0518,UPS,54029,1659,26.5,230.1,33.0,6,135,ok,26.5
UPS-0519,UPS,22493,1163,24.8,229.1,23.2,0,892,ok,24.8
CDZ-0520,Raffreddamento,36322,969,30.3,229.9,26.5,5,457,ok,30.3
UPS-0521,UPS,58761,3400,32.2,224.9,36.9,3,53,ok,32.2
UPS-0522,UPS,9048,228,23.3,229.0,25.0,1,743,ok,23.3
CDZ-0523,Raffreddamento,30320,1640,-999.0,232.1,32.1,1,455,cod_err_-999_temp,30.5
CDZ-0524,Raffreddamento,27834,1409,30.9,,30.6,3,272,ok,30.9
UPS-0525,UPS,55111,1599,31.9,228.1,29.0,3,70,ok,31.9
CDZ-0526,Raffreddamento,42238,2088,30.7,229.7,30.1,3,258,ok,30.7
UPS-0527,UPS,46002,1608,33.2,229.2,36.6,5,5,ok,33.2
UPS-0528,UPS,13455,552,28.5,231.2,27.3,3,675,ok,28.5
CDZ-0529,Raffreddamento,31964,1399,33.7,227.3,34.8,7,111,ok,33.7
CDZ-0530,Raffreddamento,27002,1169,26.3,226.9,30.5,4,528,ok,26.3
UPS-0531,UPS,19026,996,83.6,226.8,31.8,0,373,fahrenheit,28.7
UPS-0532,UPS,14359,458,27.9,227.5,22.5,2,434,ok,27.9
UPS-0533,UPS,48397,1947,34.6,229.0,39.4,3,5,ok,34.6
CDZ-0534,Raffreddamento,51671,2389,36.3,227.9,37.6,3,5,ok,36.3
CDZ-0535,Raffreddamento,22556,790,27.6,229.3,19.3,0,662,ok,27.6
CDZ-0536,Raffreddamento,57244,3115,60.4,229.7,49.5,10,5,estremo_genuino,60.4
UPS-0537,UPS,29053,837,83.4,230.4,28.5,1,350,fahrenheit,28.5
CDZ-0538,Raffreddamento,47472,1206,32.5,,31.5,3,157,ok,32.5
UPS-0539,UPS,56070,1767,32.5,228.6,31.1,1,301,ok,32.5
CDZ-0540,Raffreddamento,8285,287,31.7,230.3,27.1,1,573,ok,31.7
CDZ-0541,Raffreddamento,13490,352,26.7,230.8,9999.0,2,623,cod_err_9999_corrente,26.7
UPS-0542,UPS,17221,670,28.6,226.0,24.7,4,539,ok,28.6
UPS-0543,UPS,10914,522,25.8,226.2,17.9,0,975,ok,25.8
UPS-0544,UPS,45469,1983,33.0,230.4,31.3,2,204,ok,33.0
UPS-0545,UPS,51906,2497,32.2,229.4,33.8,5,61,ok,32.2
UPS-0546,UPS,2257,89,23.5,225.7,22.1,1,1048,ok,23.5
UPS-0547,UPS,48454,2732,31.0,228.0,39.2,5,5,ok,31.0
CDZ-0548,Raffreddamento,42819,2081,30.3,226.9,33.4,7,158,ok,30.3
UPS-0549,UPS,32160,1169,29.0,224.3,28.7,4,327,ok,29.0
UPS-0550,UPS,52400,2833,29.8,224.5,32.2,1,316,ok,29.8
UPS-0551,UPS,14037,540,29.9,232.7,19.2,2,703,ok,29.9
UPS-0552,UPS,42402,1918,34.5,229.5,35.6,2,119,ok,34.5
UPS-0553,UPS,26240,1333,33.9,231.7,27.7,2,310,ok,33.9
UPS-0554,UPS,11961,591,28.8,229.8,19.2,0,715,ok,28.8
CDZ-0555,Raffreddamento,36155,1470,31.0,228.9,25.4,3,390,ok,31.0
CDZ-0556,Raffreddamento,19452,662,24.1,227.9,23.7,2,686,ok,24.1
CDZ-0557,Raffreddamento,58813,2861,37.1,224.2,42.1,4,5,ok,37.1
CDZ-0558,Raffreddamento,4779,135,27.7,227.0,24.5,0,820,ok,27.7
CDZ-0559,Raffreddamento,31784,819,25.4,228.3,28.7,1,508,ok,25.4
UPS-0560,UPS,45246,1292,30.3,231.0,31.0,3,245,ok,30.3
UPS-0561,UPS,56097,1849,35.9,225.5,40.7,4,5,ok,35.9
UPS-0562,UPS,53495,2757,27.3,229.7,41.2,2,108,ok,27.3
CDZ-0563,Raffreddamento,53581,3099,64.7,231.0,49.6,14,5,estremo_genuino,64.7
UPS-0564,UPS,12514,346,27.1,232.1,24.7,4,510,ok,27.1
CDZ-0565,Raffreddamento,33066,1815,35.5,225.9,38.8,5,5,ok,35.5
CDZ-0566,Raffreddamento,26965,1323,28.5,229.4,25.6,3,499,ok,28.5
UPS-0567,UPS,50870,2445,33.0,229.5,34.2,1,143,ok,33.0
UPS-0568,UPS,28048,1484,26.9,227.7,9999.0,2,504,cod_err_9999_corrente,26.9
UPS-0569,UPS,54326,2309,36.2,228.4,33.2,5,5,ok,36.2
CDZ-0570,Raffreddamento,58162,1493,34.6,226.6,40.6,3,5,ok,34.6
CDZ-0571,Raffreddamento,40428,2352,28.5,225.7,32.1,5,366,ok,28.5
UPS-0572,UPS,36025,1296,30.3,232.5,37.3,1,208,ok,30.3
UPS-0573,UPS,11356,483,28.1,,28.7,0,493,ok,28.1
UPS-0574,UPS,38444,2068,29.5,232.0,35.7,2,85,ok,29.5
CDZ-0575,Raffreddamento,51825,2672,32.2,221.2,36.3,3,99,ok,32.2
UPS-0576,UPS,37470,1193,29.3,230.7,30.9,1,370,ok,29.3
UPS-0577,UPS,47068,1681,35.9,225.8,34.1,2,124,ok,35.9
UPS-0578,UPS,28510,793,34.4,229.8,37.0,6,112,ok,34.4
UPS-0579,UPS,14655,660,27.8,232.6,24.0,1,671,ok,27.8
UPS-0580,UPS,55525,2476,32.8,225.1,35.4,6,193,ok,32.8
UPS-0581,UPS,55757,3099,33.5,227.1,34.2,1,99,ok,33.5
CDZ-0582,Raffreddamento,50443,2115,32.6,225.7,30.8,5,216,ok,32.6
UPS-0583,UPS,40674,1600,86.0,224.1,35.9,2,333,fahrenheit,30.0
CDZ-0584,Raffreddamento,18662,526,74.7,229.4,16.7,0,953,fahrenheit,23.7
UPS-0585,UPS,3754,165,30.9,225.1,24.6,1,766,ok,30.9
UPS-0586,UPS,21278,763,27.4,228.8,29.9,3,370,ok,27.4
CDZ-0587,Raffreddamento,59192,2597,33.9,224.9,30.2,5,5,ok,33.9
UPS-0588,UPS,17242,719,31.3,222.9,25.5,3,693,ok,31.3
CDZ-0589,Raffreddamento,42415,1516,26.2,,35.6,2,222,ok,26.2
CDZ-0590,Raffreddamento,40533,1972,29.1,227.4,34.9,9,59,ok,29.1
UPS-0591,UPS,39592,1657,29.6,227.6,28.0,5,268,ok,29.6
CDZ-0592,Raffreddamento,50297,2070,34.2,225.6,35.2,8,5,ok,34.2
CDZ-0593,Raffreddamento,30460,1113,29.7,229.1,30.9,3,463,ok,29.7
CDZ-0594,Raffreddamento,31645,1307,30.9,228.5,29.9,4,365,ok,30.9
UPS-0595,UPS,39794,1007,29.2,224.9,30.8,3,204,ok,29.2
UPS-0596,UPS,44873,2003,30.7,222.2,28.7,4,231,ok,30.7
CDZ-0597,Raffreddamento,54696,2967,33.9,228.2,38.4,2,55,ok,33.9
UPS-0598,UPS,54931,2736,34.0,230.1,39.0,8,5,ok,34.0
CDZ-0599,Raffreddamento,43807,1471,31.2,225.8,33.2,4,304,ok,31.2
UPS-0600,UPS,8463,433,80.3,229.9,20.6,0,968,fahrenheit,26.9
